Customer_ID,Frequency,Recency_Days,Average_Order_Value,Tenure_Months,Lifetime_Value
CUST-0001,3,320.0,25.96,55,130.29
CUST-0002,19,174.0,27.46,29,621.07
CUST-0003,16,359.0,122.22,21,1682.24
CUST-0004,11,278.0,90.99,7,637.42
CUST-0005,11,237.0,33.61,23,429.16
CUST-0006,21,329.0,34.34,14,523.36
CUST-0007,3,188.0,24.12,58,50.0
CUST-0008,17,263.0,20.0,32,66.16
CUST-0009,5,104.0,38.37,9,61.56
CUST-0010,3,351.0,25.82,4,117.94
CUST-0011,13,227.0,38.93,51,574.06
CUST-0012,24,285.0,20.0,55,532.13
CUST-0013,18,168.0,28.71,46,827.26
CUST-0014,19,316.0,43.25,8,464.71
CUST-0015,18,28.0,47.69,6,870.44
CUST-0016,19,42.0,48.81,12,1010.15
CUST-0017,13,185.0,22.33,45,236.63
CUST-0018,4,267.0,59.42,46,247.79
CUST-0019,21,295.0,28.22,50,412.92
CUST-0020,11,161.0,53.77,6,688.5
CUST-0021,13,237.0,40.25,10,353.83
CUST-0022,9,202.0,21.77,54,470.75
CUST-0023,5,350.0,35.08,55,169.48
CUST-0024,23,239.0,47.68,43,1265.56
CUST-0025,19,176.0,53.29,7,898.66
CUST-0026,16,354.0,37.96,5,423.24
CUST-0027,10,40.0,80.58,4,726.38
CUST-0028,20,359.0,63.65,41,1160.44
CUST-0029,14,57.0,36.04,50,709.09
CUST-0030,11,105.0,56.69,38,636.54
CUST-0031,11,300.0,96.56,16,847.54
CUST-0032,6,268.0,97.73,45,525.42
CUST-0033,3,354.0,23.28,4,324.66
CUST-0034,14,273.0,26.66,49,377.34
CUST-0035,22,232.0,78.9,53,2119.23
CUST-0036,2,127.0,25.12,43,50.0
CUST-0037,21,2.0,22.31,52,701.15
CUST-0038,20,46.0,32.5,35,639.19
CUST-0039,7,109.0,48.87,28,320.14
CUST-0040,16,15.0,38.63,20,734.44
CUST-0041,4,185.0,30.18,55,333.66
CUST-0042,19,283.0,29.86,42,585.9
CUST-0043,17,351.0,29.35,12,537.65
CUST-0044,9,179.0,27.23,57,373.17
CUST-0045,2,319.0,112.93,4,359.03
CUST-0046,24,359.0,46.24,35,954.85
CUST-0047,11,313.0,60.28,12,801.96
CUST-0048,22,170.0,32.46,40,730.03
CUST-0049,17,119.0,37.2,25,577.53
CUST-0050,19,356.0,29.34,26,311.46
CUST-0051,19,89.0,20.0,40,738.68
CUST-0052,5,150.0,21.76,45,224.97
CUST-0053,9,27.0,20.0,23,168.07
CUST-0054,12,289.0,20.0,59,409.56
CUST-0055,12,237.0,23.62,30,354.8
CUST-0056,2,31.0,73.42,10,389.63
CUST-0057,14,81.0,39.65,1,325.81
CUST-0058,4,203.0,72.29,12,222.0
CUST-0059,18,197.0,48.66,41,888.62
CUST-0060,17,292.0,57.52,32,658.58
CUST-0061,23,97.0,26.97,20,776.99
CUST-0062,18,337.0,51.2,29,754.47
CUST-0063,9,162.0,56.14,50,686.63
CUST-0064,24,300.0,31.2,34,971.73
CUST-0065,10,87.0,52.03,4,445.71
CUST-0066,8,14.0,52.18,3,370.73
CUST-0067,22,21.0,31.59,29,857.27
CUST-0068,9,136.0,24.4,24,345.03
CUST-0069,2,347.0,23.74,51,50.0
CUST-0070,12,18.0,42.05,35,563.15
CUST-0071,20,135.0,46.86,45,1236.01
CUST-0072,5,40.0,28.31,35,220.32
CUST-0073,12,340.0,40.93,21,150.18
CUST-0074,4,246.0,52.29,39,63.81
CUST-0075,17,278.0,53.42,37,1052.56
CUST-0076,12,260.0,81.32,43,1041.17
CUST-0077,8,240.0,71.85,12,392.82
CUST-0078,6,282.0,25.78,38,128.43
CUST-0079,14,3.0,86.28,17,1376.04
CUST-0080,17,316.0,31.85,47,618.69
CUST-0081,23,270.0,64.73,48,1381.1
CUST-0082,11,270.0,41.7,37,343.68
CUST-0083,4,144.0,33.6,56,200.73
CUST-0084,20,292.0,20.0,32,354.3
CUST-0085,16,139.0,37.44,2,590.49
CUST-0086,17,18.0,20.05,36,286.79
CUST-0087,3,331.0,62.51,46,222.44
CUST-0088,8,86.0,80.04,6,742.05
CUST-0089,19,38.0,28.26,7,603.19
CUST-0090,20,227.0,46.33,17,838.73
CUST-0091,11,86.0,29.18,50,401.78
CUST-0092,20,313.0,30.48,32,445.16
CUST-0093,21,162.0,57.31,58,1482.49
CUST-0094,10,2.0,39.75,52,719.65
CUST-0095,22,347.0,88.49,33,1673.76
CUST-0096,7,188.0,32.56,41,141.37
CUST-0097,6,96.0,63.42,20,339.95
CUST-0098,17,247.0,42.26,6,597.4
CUST-0099,16,194.0,57.86,24,850.68
CUST-0100,4,11.0,33.08,35,227.07
CUST-0101,20,277.0,39.56,11,697.65
CUST-0102,5,147.0,38.4,14,288.77
CUST-0103,20,255.0,27.76,1,592.53
CUST-0104,1,327.0,54.49,44,171.29
CUST-0105,20,223.0,54.2,54,1114.73
CUST-0106,19,245.0,52.83,49,968.33
CUST-0107,19,93.0,80.77,23,1640.14
CUST-0108,16,87.0,77.65,36,1412.16
CUST-0109,12,152.0,34.17,57,374.22
CUST-0110,17,311.0,47.84,35,690.56
CUST-0111,7,191.0,30.55,18,141.96
CUST-0112,19,127.0,40.87,20,706.1
CUST-0113,14,284.0,30.88,43,390.42
CUST-0114,12,311.0,83.85,27,1013.88
CUST-0115,13,329.0,47.64,50,632.64
CUST-0116,14,109.0,36.67,51,944.74
CUST-0117,1,259.0,69.21,3,73.66
CUST-0118,4,215.0,20.0,43,50.77
CUST-0119,6,164.0,20.0,22,118.84
CUST-0120,3,145.0,57.87,31,216.73
CUST-0121,11,42.0,41.56,16,546.72
CUST-0122,17,101.0,45.27,22,1063.21
CUST-0123,16,201.0,22.27,20,231.06
CUST-0124,12,323.0,40.03,3,446.98
CUST-0125,21,316.0,99.64,47,2074.69
CUST-0126,14,69.0,58.61,9,628.45
CUST-0127,2,248.0,43.66,23,171.48
CUST-0128,19,31.0,33.2,12,822.5
CUST-0129,14,246.0,33.87,10,287.98
CUST-0130,16,125.0,20.0,23,330.81
CUST-0131,14,164.0,45.42,55,565.81
CUST-0132,14,262.0,59.17,56,757.04
CUST-0133,3,155.0,20.0,23,185.95
CUST-0134,14,294.0,30.03,30,323.1
CUST-0135,20,195.0,24.03,59,444.19
CUST-0136,8,364.0,26.2,14,183.73
CUST-0137,15,233.0,41.43,56,640.87
CUST-0138,1,108.0,20.0,7,50.0
CUST-0139,9,283.0,53.33,14,480.08
CUST-0140,11,149.0,56.78,20,478.09
CUST-0141,24,195.0,36.13,3,607.01
CUST-0142,6,50.0,20.0,49,178.36
CUST-0143,7,44.0,25.83,51,361.69
CUST-0144,10,210.0,70.44,23,813.3
CUST-0145,24,68.0,20.0,50,550.71
CUST-0146,21,364.0,34.59,46,783.06
CUST-0147,1,312.0,23.78,48,50.0
CUST-0148,6,256.0,58.09,48,586.3
CUST-0149,20,268.0,29.85,34,432.79
CUST-0150,2,217.0,48.51,7,240.1
CUST-0151,21,22.0,52.17,55,1480.35
CUST-0152,7,143.0,92.42,36,959.06
CUST-0153,23,181.0,36.92,54,1077.93
CUST-0154,8,334.0,47.91,57,268.14
CUST-0155,11,80.0,20.73,12,166.83
CUST-0156,16,181.0,69.11,24,1178.92
CUST-0157,4,126.0,28.73,12,236.21
CUST-0158,14,49.0,31.43,4,422.11
CUST-0159,13,38.0,40.04,58,745.54
CUST-0160,19,133.0,20.02,55,569.52
CUST-0161,24,31.0,44.83,55,1531.74
CUST-0162,16,25.0,62.51,53,1247.18
CUST-0163,10,128.0,46.15,39,432.86
CUST-0164,10,74.0,20.0,31,260.02
CUST-0165,11,202.0,38.26,59,647.43
CUST-0166,20,7.0,56.48,33,1623.0
CUST-0167,8,110.0,20.0,38,279.97
CUST-0168,5,165.0,24.94,13,149.53
CUST-0169,9,351.0,60.01,45,592.66
CUST-0170,1,231.0,45.67,49,50.0
CUST-0171,3,321.0,48.69,41,118.8
CUST-0172,3,125.0,93.39,30,205.9
CUST-0173,19,164.0,49.94,12,720.03
CUST-0174,18,154.0,54.38,2,878.67
CUST-0175,17,324.0,136.98,38,2161.39
CUST-0176,12,350.0,36.74,41,483.45
CUST-0177,18,351.0,28.25,46,541.79
CUST-0178,4,274.0,49.03,57,242.47
CUST-0179,22,184.0,49.28,30,1171.42
CUST-0180,13,197.0,31.91,49,464.25
CUST-0181,23,357.0,25.42,43,583.67
CUST-0182,4,104.0,114.37,17,378.16
CUST-0183,12,127.0,46.86,50,736.14
CUST-0184,17,327.0,29.09,4,435.55
CUST-0185,12,141.0,61.08,36,734.31
CUST-0186,11,86.0,38.51,56,570.89
CUST-0187,4,205.0,36.1,39,77.52
CUST-0188,10,119.0,52.09,56,606.18
CUST-0189,6,325.0,22.62,4,50.0
CUST-0190,8,331.0,47.4,32,484.4
CUST-0191,17,112.0,95.66,47,2126.22
CUST-0192,16,193.0,49.89,38,912.65
CUST-0193,15,359.0,34.15,52,729.38
CUST-0194,9,271.0,32.19,28,241.7
CUST-0195,24,79.0,33.63,41,1355.7
CUST-0196,3,216.0,36.08,25,75.58
CUST-0197,9,226.0,34.12,52,373.03
CUST-0198,3,238.0,61.09,8,102.33
CUST-0199,9,10.0,20.0,15,244.94
CUST-0200,24,109.0,59.61,6,1431.1
CUST-0201,9,312.0,34.09,42,279.18
CUST-0202,22,88.0,47.92,14,1280.78
CUST-0203,12,110.0,24.36,19,328.35
CUST-0204,17,118.0,73.54,50,1585.92
CUST-0205,11,65.0,70.85,22,748.89
CUST-0206,7,57.0,62.29,9,490.19
CUST-0207,19,127.0,20.46,2,327.12
CUST-0208,24,319.0,58.74,14,1031.43
CUST-0209,7,1.0,48.53,54,398.86
CUST-0210,19,104.0,20.0,33,752.24
CUST-0211,7,23.0,40.01,59,375.61
CUST-0212,18,205.0,47.66,13,582.3
CUST-0213,19,92.0,51.95,21,963.3
CUST-0214,11,289.0,43.81,10,372.49
CUST-0215,18,213.0,46.11,24,851.68
CUST-0216,7,286.0,78.5,34,579.79
CUST-0217,2,232.0,70.23,48,233.15
CUST-0218,3,160.0,20.0,22,50.0
CUST-0219,11,314.0,35.06,46,417.22
CUST-0220,22,174.0,37.56,37,785.92
CUST-0221,4,346.0,20.0,18,50.0
CUST-0222,11,363.0,42.2,54,339.56
CUST-0223,17,215.0,70.95,26,1013.04
CUST-0224,5,246.0,24.8,9,229.12
CUST-0225,18,94.0,47.06,57,1208.16
CUST-0226,8,297.0,26.79,54,340.62
CUST-0227,20,245.0,29.89,3,471.44
CUST-0228,14,329.0,78.64,54,1200.81
CUST-0229,14,98.0,31.69,56,372.21
CUST-0230,5,287.0,49.8,49,358.5
CUST-0231,12,172.0,20.0,16,245.94
CUST-0232,21,68.0,93.51,38,2472.65
CUST-0233,1,63.0,53.05,32,108.26
CUST-0234,19,205.0,37.26,37,619.1
CUST-0235,12,117.0,40.26,37,542.63
CUST-0236,18,38.0,21.45,38,401.9
CUST-0237,16,156.0,68.86,31,1233.54
CUST-0238,11,238.0,34.96,41,478.87
CUST-0239,8,117.0,36.9,32,164.18
CUST-0240,16,348.0,32.42,1,237.58
CUST-0241,4,284.0,31.15,3,50.0
CUST-0242,15,187.0,55.29,57,950.91
CUST-0243,3,341.0,45.38,54,50.0
CUST-0244,16,158.0,54.23,35,769.66
CUST-0245,16,51.0,40.29,11,566.34
CUST-0246,3,14.0,50.95,47,219.78
CUST-0247,19,342.0,33.5,9,326.25
CUST-0248,10,350.0,110.32,23,877.18
CUST-0249,19,270.0,20.0,20,455.46
CUST-0250,1,38.0,71.34,1,50.0
CUST-0251,5,107.0,74.86,48,440.51
CUST-0252,12,15.0,27.56,31,532.25
CUST-0253,5,19.0,110.3,19,575.28
CUST-0254,8,90.0,63.31,30,504.01
CUST-0255,16,209.0,62.62,1,940.53
CUST-0256,4,24.0,40.96,26,157.35
CUST-0257,17,359.0,36.68,31,659.09
CUST-0258,3,166.0,36.81,21,159.38
CUST-0259,5,97.0,48.22,49,263.72
CUST-0260,15,188.0,75.98,15,1098.02
CUST-0261,20,288.0,43.89,9,723.67
CUST-0262,5,114.0,26.84,32,272.27
CUST-0263,8,18.0,58.62,53,596.9
CUST-0264,23,19.0,61.22,23,1647.83
CUST-0265,24,311.0,54.3,3,938.12
CUST-0266,14,41.0,56.57,58,1206.95
CUST-0267,11,232.0,35.8,27,249.77
CUST-0268,9,140.0,26.63,11,345.99
CUST-0269,15,284.0,27.37,37,447.74
CUST-0270,15,23.0,20.0,19,180.7
CUST-0271,8,327.0,45.0,56,512.14
CUST-0272,1,255.0,38.96,18,301.84
CUST-0273,4,164.0,33.18,33,261.25
CUST-0274,24,76.0,20.0,33,733.68
CUST-0275,11,356.0,23.07,15,202.47
CUST-0276,12,110.0,66.98,30,689.73
CUST-0277,12,179.0,29.99,7,90.88
CUST-0278,19,144.0,47.57,38,1044.7
CUST-0279,2,84.0,21.63,45,50.0
CUST-0280,2,152.0,77.28,57,82.8
CUST-0281,7,56.0,37.91,20,283.39
CUST-0282,12,1.0,46.09,17,704.6
CUST-0283,17,106.0,115.19,33,2045.01
CUST-0284,12,41.0,80.03,41,1177.24
CUST-0285,11,151.0,35.24,59,670.1
CUST-0286,23,315.0,30.97,2,381.29
CUST-0287,4,60.0,34.94,15,251.46
CUST-0288,14,1.0,50.88,16,748.23
CUST-0289,14,41.0,38.58,16,650.37
CUST-0290,12,185.0,33.86,28,539.7
CUST-0291,20,101.0,78.28,52,2094.77
CUST-0292,7,179.0,38.42,2,333.21
CUST-0293,23,11.0,113.84,49,3504.48
CUST-0294,8,122.0,42.13,37,518.7
CUST-0295,14,150.0,90.32,37,1298.06
CUST-0296,13,158.0,47.5,41,726.23
CUST-0297,21,201.0,62.39,7,1140.07
CUST-0298,11,285.0,29.19,45,379.88
CUST-0299,7,171.0,27.54,15,219.78
CUST-0300,1,307.0,49.74,31,50.0
CUST-0301,9,193.0,63.11,40,449.17
CUST-0302,20,95.0,41.19,36,1068.34
CUST-0303,1,84.0,22.67,20,50.0
CUST-0304,22,118.0,21.93,24,645.74
CUST-0305,14,218.0,21.28,29,284.97
CUST-0306,4,89.0,20.0,3,50.0
CUST-0307,8,333.0,42.49,43,434.86
CUST-0308,14,175.0,67.11,6,767.75
CUST-0309,8,315.0,40.2,28,320.55
CUST-0310,3,249.0,20.0,39,50.0
CUST-0311,16,122.0,37.12,5,737.55
CUST-0312,17,84.0,37.59,59,763.09
CUST-0313,3,271.0,103.88,23,234.32
CUST-0314,7,121.0,21.0,1,142.47
CUST-0315,6,90.0,40.26,39,113.01
CUST-0316,16,339.0,87.15,33,1259.53
CUST-0317,18,176.0,49.53,38,1158.79
CUST-0318,18,18.0,52.12,45,1205.57
CUST-0319,23,181.0,42.59,29,1042.13
CUST-0320,19,168.0,46.92,49,711.78
CUST-0321,8,315.0,57.39,22,378.18
CUST-0322,3,260.0,28.1,33,50.0
CUST-0323,15,70.0,60.05,10,804.57
CUST-0324,22,55.0,21.81,37,720.32
CUST-0325,24,220.0,46.89,16,959.67
CUST-0326,6,18.0,43.84,42,326.78
CUST-0327,6,117.0,30.65,48,180.81
CUST-0328,1,51.0,40.04,51,50.0
CUST-0329,4,8.0,30.57,55,50.0
CUST-0330,14,335.0,24.97,8,372.32
CUST-0331,14,33.0,34.5,9,247.34
CUST-0332,9,4.0,24.61,55,229.62
CUST-0333,8,340.0,46.77,23,257.63
CUST-0334,20,69.0,24.11,2,663.29
CUST-0335,12,298.0,55.72,17,640.42
CUST-0336,20,12.0,23.77,50,597.7
CUST-0337,24,56.0,31.35,21,987.28
CUST-0338,8,41.0,30.54,5,154.3
CUST-0339,5,258.0,73.43,43,495.51
CUST-0340,23,226.0,46.93,12,760.6
CUST-0341,16,174.0,36.77,21,698.55
CUST-0342,7,88.0,50.62,1,275.28
CUST-0343,15,33.0,20.0,36,252.54
CUST-0344,13,208.0,39.67,27,475.33
CUST-0345,22,84.0,99.37,52,2887.52
CUST-0346,7,215.0,42.93,20,216.72
CUST-0347,24,251.0,41.7,13,905.74
CUST-0348,23,310.0,51.76,10,843.93
CUST-0349,5,180.0,60.52,12,346.97
CUST-0350,4,2.0,20.0,27,150.85
CUST-0351,13,103.0,20.0,6,236.17
CUST-0352,2,311.0,44.46,24,50.0
CUST-0353,8,195.0,29.32,51,287.32
CUST-0354,11,226.0,73.0,46,930.17
CUST-0355,24,167.0,35.1,38,1168.73
CUST-0356,24,60.0,20.0,53,760.1
CUST-0357,4,327.0,22.86,47,205.61
CUST-0358,22,282.0,20.0,39,796.8
CUST-0359,3,363.0,36.4,51,165.88
CUST-0360,18,312.0,37.16,8,562.61
CUST-0361,21,106.0,33.41,49,962.8
CUST-0362,22,93.0,65.73,18,1378.63
CUST-0363,6,91.0,69.36,44,460.79
CUST-0364,22,335.0,37.46,54,762.84
CUST-0365,3,203.0,20.0,30,137.57
CUST-0366,13,166.0,53.4,6,585.24
CUST-0367,12,353.0,51.93,22,514.74
CUST-0368,8,220.0,46.49,25,482.44
CUST-0369,1,332.0,62.91,56,167.38
CUST-0370,19,359.0,23.95,56,428.47
CUST-0371,9,29.0,99.88,34,1036.64
CUST-0372,16,132.0,26.27,57,671.63
CUST-0373,10,176.0,56.66,26,604.7
CUST-0374,9,296.0,20.0,25,50.0
CUST-0375,22,55.0,26.61,50,742.6
CUST-0376,3,116.0,80.03,40,301.27
CUST-0377,18,200.0,35.97,31,745.84
CUST-0378,18,291.0,59.03,27,1051.23
CUST-0379,10,42.0,45.0,42,613.87
CUST-0380,7,219.0,38.58,45,361.36
CUST-0381,1,108.0,74.72,29,89.98
CUST-0382,23,79.0,36.36,2,697.91
CUST-0383,23,188.0,20.0,7,363.71
CUST-0384,6,151.0,28.18,9,155.97
CUST-0385,1,232.0,51.83,28,50.0
CUST-0386,3,116.0,48.33,37,50.0
CUST-0387,2,300.0,20.0,48,50.0
CUST-0388,20,29.0,29.2,14,638.2
CUST-0389,22,314.0,31.13,47,638.62
CUST-0390,4,11.0,34.31,40,151.14
CUST-0391,18,268.0,21.78,4,359.34
CUST-0392,5,127.0,30.48,21,50.0
CUST-0393,9,140.0,29.14,18,62.79
CUST-0394,15,7.0,57.24,53,1186.44
CUST-0395,18,256.0,58.21,55,1241.42
CUST-0396,21,61.0,37.88,49,1249.39
CUST-0397,2,240.0,33.91,32,159.65
CUST-0398,5,264.0,43.08,30,50.0
CUST-0399,7,308.0,28.01,19,133.41
CUST-0400,8,258.0,24.14,46,231.36
CUST-0401,24,110.0,26.49,6,612.06
CUST-0402,19,269.0,30.4,16,550.21
CUST-0403,8,301.0,23.96,8,50.0
CUST-0404,24,116.0,43.51,30,1155.25
CUST-0405,12,46.0,56.17,18,786.96
CUST-0406,13,324.0,20.0,12,298.62
CUST-0407,11,54.0,40.91,23,408.35
CUST-0408,4,217.0,36.64,51,122.68
CUST-0409,23,87.0,47.17,33,931.35
CUST-0410,1,46.0,40.21,49,50.0
CUST-0411,5,283.0,21.03,54,50.0
CUST-0412,6,53.0,22.92,54,65.65
CUST-0413,7,244.0,40.99,21,276.96
CUST-0414,4,253.0,64.26,52,271.43
CUST-0415,1,22.0,20.0,54,50.0
CUST-0416,17,63.0,47.26,57,1130.79
CUST-0417,24,290.0,69.08,21,1300.04
CUST-0418,3,185.0,37.76,14,161.28
CUST-0419,8,45.0,51.81,35,355.44
CUST-0420,13,362.0,29.48,55,377.41
CUST-0421,23,97.0,38.33,54,1113.72
CUST-0422,17,2.0,20.0,34,471.74
CUST-0423,19,337.0,20.0,9,295.88
CUST-0424,14,7.0,61.82,25,1007.07
CUST-0425,11,202.0,25.97,43,125.67
CUST-0426,5,362.0,32.95,34,50.0
CUST-0427,21,211.0,21.67,21,352.89
CUST-0428,20,213.0,21.45,21,396.85
CUST-0429,1,142.0,37.4,4,50.0
CUST-0430,18,47.0,29.13,18,647.34
CUST-0431,3,209.0,47.95,40,118.55
CUST-0432,18,327.0,49.58,15,582.33
CUST-0433,20,34.0,46.73,59,1309.06
CUST-0434,4,321.0,45.03,5,158.44
CUST-0435,11,152.0,82.27,35,1026.26
CUST-0436,3,196.0,25.02,30,300.87
CUST-0437,14,61.0,39.46,50,651.07
CUST-0438,23,227.0,67.34,53,1726.29
CUST-0439,2,67.0,71.45,33,220.26
CUST-0440,10,100.0,21.33,38,248.5
CUST-0441,24,263.0,35.14,42,789.96
CUST-0442,8,19.0,74.53,31,548.68
CUST-0443,4,163.0,50.84,11,123.93
CUST-0444,12,217.0,44.16,26,377.76
CUST-0445,13,49.0,36.67,15,300.69
CUST-0446,16,108.0,34.03,28,500.11
CUST-0447,8,126.0,46.05,37,293.37
CUST-0448,23,242.0,36.11,13,773.53
CUST-0449,13,356.0,39.68,15,462.86
CUST-0450,7,305.0,41.9,49,185.87
CUST-0451,24,70.0,29.81,23,757.54
CUST-0452,23,7.0,51.39,12,1067.1
CUST-0453,12,19.0,150.12,43,2336.52
CUST-0454,1,217.0,20.0,43,69.22
CUST-0455,15,57.0,46.8,49,1026.97
CUST-0456,14,85.0,28.73,45,417.64
CUST-0457,4,309.0,52.45,59,348.23
CUST-0458,16,319.0,41.3,34,413.06
CUST-0459,21,306.0,56.99,17,822.8
CUST-0460,3,93.0,68.65,51,349.83
CUST-0461,18,226.0,44.11,16,900.56
CUST-0462,4,223.0,67.32,18,300.92
CUST-0463,18,68.0,20.0,49,465.26
CUST-0464,11,202.0,82.74,53,784.91
CUST-0465,1,192.0,47.88,21,50.0
CUST-0466,24,145.0,65.7,44,1849.83
CUST-0467,4,274.0,23.36,55,57.53
CUST-0468,15,247.0,27.83,48,311.46
CUST-0469,5,194.0,43.19,1,183.39
CUST-0470,23,265.0,40.14,40,930.81
CUST-0471,18,278.0,45.94,11,776.16
CUST-0472,20,207.0,65.89,50,1499.69
CUST-0473,11,98.0,20.0,4,351.29
CUST-0474,12,277.0,62.69,59,825.83
CUST-0475,16,262.0,40.6,11,516.2
CUST-0476,19,358.0,36.9,25,696.85
CUST-0477,21,55.0,20.86,14,342.76
CUST-0478,1,153.0,50.72,49,398.0
CUST-0479,16,337.0,20.0,24,309.1
CUST-0480,3,188.0,54.15,44,225.86
CUST-0481,7,344.0,20.67,4,165.03
CUST-0482,20,5.0,41.43,27,1234.67
CUST-0483,7,13.0,38.34,54,478.67
CUST-0484,20,290.0,68.46,55,1254.11
CUST-0485,12,131.0,37.32,13,597.54
CUST-0486,6,190.0,29.6,24,131.65
CUST-0487,9,156.0,32.2,25,307.31
CUST-0488,13,149.0,71.72,34,860.46
CUST-0489,19,342.0,51.49,32,910.58
CUST-0490,15,35.0,34.0,7,441.0
CUST-0491,23,282.0,36.36,45,852.59
CUST-0492,21,324.0,20.0,14,293.12
CUST-0493,19,240.0,48.17,19,1042.99
CUST-0494,15,144.0,20.0,50,600.03
CUST-0495,7,59.0,56.73,41,504.56
CUST-0496,10,249.0,42.86,24,397.69
CUST-0497,3,171.0,118.41,54,381.14
CUST-0498,9,55.0,24.65,24,383.16
CUST-0499,23,131.0,38.62,34,946.05
CUST-0500,11,351.0,90.85,15,710.63
CUST-0501,3,97.0,69.14,11,320.73
CUST-0502,16,65.0,29.57,30,485.6
CUST-0503,24,176.0,44.74,34,1040.41
CUST-0504,21,73.0,40.48,48,907.63
CUST-0505,7,335.0,45.92,24,350.35
CUST-0506,11,313.0,29.54,53,563.75
CUST-0507,13,359.0,38.85,36,527.15
CUST-0508,6,333.0,20.0,5,261.76
CUST-0509,7,89.0,42.98,44,270.93
CUST-0510,6,78.0,49.53,34,378.08
CUST-0511,24,125.0,36.51,23,795.6
CUST-0512,18,172.0,20.0,28,339.43
CUST-0513,21,321.0,63.11,18,1159.55
CUST-0514,20,267.0,47.66,37,939.18
CUST-0515,24,235.0,29.17,34,522.45
CUST-0516,3,320.0,35.65,27,50.0
CUST-0517,22,236.0,20.59,17,232.13
CUST-0518,2,138.0,25.5,24,111.47
CUST-0519,12,151.0,31.75,30,650.36
CUST-0520,15,189.0,70.3,28,1217.7
CUST-0521,9,33.0,30.33,19,77.29
CUST-0522,4,270.0,53.95,35,377.03
CUST-0523,5,238.0,31.75,14,248.45
CUST-0524,20,267.0,45.22,30,654.86
CUST-0525,8,195.0,37.95,8,224.37
CUST-0526,8,285.0,59.91,28,562.13
CUST-0527,23,346.0,31.8,47,759.04
CUST-0528,4,208.0,20.0,49,50.0
CUST-0529,22,162.0,21.72,41,608.78
CUST-0530,23,39.0,31.84,44,701.89
CUST-0531,15,284.0,23.06,4,233.96
CUST-0532,4,330.0,48.65,21,295.02
CUST-0533,4,255.0,32.8,39,133.16
CUST-0534,7,316.0,117.75,48,752.4
CUST-0535,14,314.0,20.0,35,361.87
CUST-0536,4,291.0,44.33,51,299.84
CUST-0537,11,184.0,24.35,17,406.46
CUST-0538,3,37.0,32.39,10,205.95
CUST-0539,13,2.0,43.1,6,716.77
CUST-0540,1,75.0,20.0,35,111.72
CUST-0541,18,157.0,45.0,40,938.98
CUST-0542,2,271.0,95.23,17,171.65
CUST-0543,5,166.0,32.98,47,162.36
CUST-0544,5,9.0,45.46,44,162.07
CUST-0545,20,77.0,64.15,22,1279.09
CUST-0546,2,357.0,37.57,15,50.0
CUST-0547,11,360.0,40.26,44,342.78
CUST-0548,15,138.0,20.0,40,516.04
CUST-0549,13,294.0,53.97,11,547.46
CUST-0550,17,262.0,38.44,16,673.97
CUST-0551,20,339.0,25.64,29,566.4
CUST-0552,10,324.0,42.82,31,348.15
CUST-0553,20,229.0,31.1,10,593.82
CUST-0554,8,144.0,31.89,56,289.63
CUST-0555,24,229.0,53.13,23,1336.81
CUST-0556,13,117.0,22.15,23,377.61
CUST-0557,18,127.0,64.8,4,903.8
CUST-0558,22,222.0,21.56,52,550.63
CUST-0559,20,208.0,30.02,14,729.87
CUST-0560,21,212.0,96.09,59,2356.56
CUST-0561,13,141.0,67.18,30,987.1
CUST-0562,2,149.0,42.26,52,168.17
CUST-0563,12,4.0,26.49,11,221.09
CUST-0564,5,220.0,31.88,10,196.52
CUST-0565,22,210.0,41.8,48,852.25
CUST-0566,6,341.0,41.14,49,162.92
CUST-0567,6,184.0,38.83,33,371.21
CUST-0568,6,171.0,39.89,2,244.03
CUST-0569,16,25.0,36.73,56,801.78
CUST-0570,14,72.0,21.14,24,381.42
CUST-0571,23,124.0,32.06,56,935.08
CUST-0572,10,138.0,61.04,52,752.04
CUST-0573,7,133.0,21.85,51,266.83
CUST-0574,2,144.0,37.14,41,50.0
CUST-0575,1,280.0,27.97,40,50.0
CUST-0576,9,48.0,42.53,32,422.19
CUST-0577,23,121.0,33.96,2,503.93
CUST-0578,13,60.0,78.64,23,1029.24
CUST-0579,22,113.0,50.8,44,1535.35
CUST-0580,3,250.0,22.41,48,117.46
CUST-0581,3,18.0,54.71,34,50.0
CUST-0582,21,124.0,28.54,42,520.13
CUST-0583,3,9.0,31.2,2,80.75
CUST-0584,2,348.0,46.58,28,265.39
CUST-0585,10,265.0,32.42,30,279.48
CUST-0586,23,89.0,60.45,53,1972.53
CUST-0587,17,73.0,28.54,19,560.45
CUST-0588,3,37.0,30.61,14,154.96
CUST-0589,21,173.0,30.1,21,452.55
CUST-0590,21,275.0,31.36,11,642.15
CUST-0591,20,213.0,66.33,33,1294.76
CUST-0592,22,321.0,53.68,38,1192.03
CUST-0593,6,126.0,87.31,48,539.89
CUST-0594,24,102.0,112.22,58,3588.22
CUST-0595,8,175.0,25.44,5,216.78
CUST-0596,20,74.0,41.75,15,846.74
CUST-0597,14,356.0,23.82,18,306.76
CUST-0598,19,68.0,28.5,15,532.89
CUST-0599,16,175.0,30.46,49,487.19
CUST-0600,16,191.0,25.14,9,542.38
CUST-0601,15,21.0,25.2,2,501.31
CUST-0602,19,171.0,37.9,51,757.27
CUST-0603,18,166.0,23.39,57,584.62
CUST-0604,4,95.0,59.08,14,148.33
CUST-0605,20,47.0,26.76,20,450.47
CUST-0606,13,17.0,143.21,30,2407.67
CUST-0607,8,4.0,33.01,32,128.53
CUST-0608,13,176.0,41.78,59,777.5
CUST-0609,24,33.0,22.58,24,596.56
CUST-0610,21,350.0,87.16,1,1225.59
CUST-0611,21,90.0,66.94,25,1586.13
CUST-0612,12,238.0,46.23,33,612.7
CUST-0613,19,246.0,22.06,31,302.12
CUST-0614,10,181.0,44.47,31,543.76
CUST-0615,17,322.0,24.42,55,436.93
CUST-0616,16,41.0,78.11,48,1521.02
CUST-0617,6,86.0,58.21,15,336.73
CUST-0618,7,92.0,42.22,21,479.27
CUST-0619,2,50.0,20.0,40,251.64
CUST-0620,4,108.0,25.98,25,197.45
CUST-0621,11,114.0,55.12,26,507.08
CUST-0622,12,279.0,69.81,10,724.5
CUST-0623,4,110.0,66.63,16,369.41
CUST-0624,11,320.0,20.0,44,297.79
CUST-0625,15,282.0,46.33,50,813.88
CUST-0626,6,329.0,63.88,47,413.67
CUST-0627,9,39.0,20.0,19,190.97
CUST-0628,9,359.0,40.3,9,188.65
CUST-0629,13,224.0,45.75,10,274.6
CUST-0630,9,358.0,40.26,24,297.1
CUST-0631,18,130.0,20.0,31,414.4
CUST-0632,8,347.0,34.93,53,340.88
CUST-0633,11,215.0,34.91,54,277.99
CUST-0634,10,27.0,37.84,1,447.68
CUST-0635,5,150.0,31.39,42,425.9
CUST-0636,17,51.0,33.14,18,621.61
CUST-0637,6,343.0,39.73,12,171.72
CUST-0638,8,111.0,49.36,33,482.13
CUST-0639,20,81.0,35.27,3,904.68
CUST-0640,23,202.0,33.64,20,598.36
CUST-0641,17,155.0,42.16,33,793.63
CUST-0642,22,36.0,20.0,17,386.68
CUST-0643,21,298.0,50.13,36,917.15
CUST-0644,12,308.0,40.44,28,419.11
CUST-0645,19,271.0,41.18,48,972.26
CUST-0646,8,225.0,62.32,11,639.99
CUST-0647,12,147.0,20.0,4,264.41
CUST-0648,13,198.0,20.0,32,219.1
CUST-0649,24,190.0,45.75,16,1306.7
CUST-0650,21,61.0,40.32,42,1016.86
CUST-0651,12,30.0,43.67,6,463.67
CUST-0652,16,93.0,32.85,34,395.31
CUST-0653,5,166.0,54.54,59,505.79
CUST-0654,20,59.0,61.54,6,1326.53
CUST-0655,14,39.0,50.29,18,1065.47
CUST-0656,13,311.0,35.97,50,302.16
CUST-0657,19,137.0,20.0,32,588.35
CUST-0658,16,213.0,57.18,11,796.68
CUST-0659,2,191.0,70.09,13,222.39
CUST-0660,7,268.0,54.06,46,190.93
CUST-0661,5,270.0,27.23,51,319.9
CUST-0662,18,108.0,54.77,22,1129.06
CUST-0663,1,309.0,59.58,28,50.0
CUST-0664,5,136.0,81.57,47,565.4
CUST-0665,15,305.0,27.27,11,226.33
CUST-0666,17,148.0,36.53,13,514.38
CUST-0667,13,41.0,56.61,46,917.09
CUST-0668,21,277.0,41.51,12,482.53
CUST-0669,23,11.0,24.46,46,872.19
CUST-0670,4,282.0,48.74,30,321.14
CUST-0671,23,16.0,52.48,59,1684.61
CUST-0672,15,76.0,42.08,2,631.54
CUST-0673,16,220.0,44.65,56,788.7
CUST-0674,3,343.0,36.0,14,121.77
CUST-0675,15,149.0,78.67,3,949.69
CUST-0676,18,44.0,26.97,43,521.94
CUST-0677,14,85.0,31.05,32,627.25
CUST-0678,3,327.0,40.65,50,112.47
CUST-0679,13,265.0,60.07,7,858.32
CUST-0680,23,37.0,20.62,5,479.68
CUST-0681,18,141.0,22.43,34,331.87
CUST-0682,4,97.0,20.0,53,250.78
CUST-0683,24,65.0,41.05,24,1175.56
CUST-0684,24,309.0,24.45,48,670.01
CUST-0685,5,225.0,34.02,54,334.96
CUST-0686,20,66.0,54.47,52,1372.73
CUST-0687,10,237.0,30.3,31,277.73
CUST-0688,15,151.0,44.88,42,747.87
CUST-0689,11,23.0,35.35,32,325.23
CUST-0690,19,164.0,54.73,40,1123.9
CUST-0691,24,68.0,50.09,34,1590.87
CUST-0692,20,90.0,29.63,31,703.21
CUST-0693,23,320.0,37.49,26,573.66
CUST-0694,23,259.0,64.7,39,1291.96
CUST-0695,3,49.0,48.28,45,388.38
CUST-0696,7,310.0,21.57,55,145.19
CUST-0697,18,210.0,54.33,37,935.51
CUST-0698,15,319.0,24.83,6,241.48
CUST-0699,2,272.0,76.37,35,50.0
CUST-0700,3,124.0,64.13,19,364.94
CUST-0701,13,195.0,46.08,2,443.22
CUST-0702,15,194.0,43.41,5,710.85
CUST-0703,5,263.0,36.82,35,183.74
CUST-0704,5,91.0,54.89,56,535.36
CUST-0705,4,122.0,34.23,30,180.26
CUST-0706,14,90.0,44.97,27,800.23
CUST-0707,1,108.0,59.88,6,142.06
CUST-0708,14,59.0,31.41,40,623.91
CUST-0709,12,14.0,30.65,4,415.95
CUST-0710,12,343.0,23.63,50,246.47
CUST-0711,17,28.0,25.05,49,811.22
CUST-0712,13,324.0,20.0,59,161.75
CUST-0713,18,2.0,56.17,17,1152.25
CUST-0714,19,283.0,91.29,10,1373.86
CUST-0715,23,120.0,76.81,18,1826.32
CUST-0716,20,189.0,20.0,48,402.39
CUST-0717,13,103.0,56.05,13,758.03
CUST-0718,12,179.0,76.7,53,1067.33
CUST-0719,6,165.0,32.93,10,50.0
CUST-0720,15,193.0,42.34,3,526.48
CUST-0721,4,144.0,20.0,13,50.0
CUST-0722,23,196.0,45.61,45,952.02
CUST-0723,21,301.0,25.06,36,506.09
CUST-0724,3,159.0,44.25,21,189.27
CUST-0725,19,132.0,20.03,39,498.67
CUST-0726,3,48.0,51.64,39,262.67
CUST-0727,18,131.0,64.14,33,1040.71
CUST-0728,3,46.0,28.43,31,50.0
CUST-0729,12,67.0,24.25,6,520.45
CUST-0730,16,347.0,20.0,16,120.97
CUST-0731,18,33.0,35.88,32,861.91
CUST-0732,11,176.0,31.13,8,217.95
CUST-0733,23,304.0,20.13,29,419.65
CUST-0734,19,347.0,49.59,7,602.16
CUST-0735,5,54.0,33.03,47,283.83
CUST-0736,17,60.0,24.93,7,436.02
CUST-0737,18,136.0,31.51,6,458.22
CUST-0738,9,202.0,65.5,38,494.11
CUST-0739,18,350.0,53.05,14,754.88
CUST-0740,22,76.0,38.15,21,760.79
CUST-0741,20,60.0,53.44,19,1209.48
CUST-0742,19,93.0,23.99,13,770.77
CUST-0743,16,319.0,41.04,45,795.45
CUST-0744,7,11.0,43.22,41,487.18
CUST-0745,20,139.0,32.74,15,620.96
CUST-0746,9,44.0,49.2,41,333.09
CUST-0747,13,58.0,28.47,43,312.68
CUST-0748,8,334.0,50.88,32,509.67
CUST-0749,8,1.0,51.85,35,440.42
CUST-0750,4,118.0,20.0,56,50.0
CUST-0751,24,334.0,69.11,27,1382.02
CUST-0752,4,222.0,20.0,23,50.0
CUST-0753,3,27.0,30.65,32,50.0
CUST-0754,23,170.0,64.16,50,1724.66
CUST-0755,14,354.0,35.07,42,340.29
CUST-0756,11,146.0,20.91,5,114.79
CUST-0757,18,193.0,24.73,28,349.3
CUST-0758,10,194.0,64.21,44,770.06
CUST-0759,4,241.0,20.0,14,50.0
CUST-0760,18,69.0,67.23,59,1650.48
CUST-0761,5,306.0,39.46,48,268.24
CUST-0762,14,360.0,23.65,50,297.37
CUST-0763,23,52.0,31.11,5,670.11
CUST-0764,23,298.0,25.59,35,602.4
CUST-0765,9,298.0,59.73,32,569.17
CUST-0766,19,270.0,56.24,37,1018.04
CUST-0767,15,135.0,20.0,51,377.63
CUST-0768,12,171.0,33.73,21,299.48
CUST-0769,4,306.0,27.43,32,50.0
CUST-0770,10,56.0,72.39,41,1004.94
CUST-0771,16,302.0,22.03,45,399.9
CUST-0772,24,336.0,83.25,46,1957.4
CUST-0773,1,249.0,39.85,20,68.96
CUST-0774,18,125.0,23.98,59,565.91
CUST-0775,21,204.0,29.82,1,586.94
CUST-0776,23,19.0,28.2,30,906.03
CUST-0777,11,340.0,22.79,36,332.71
CUST-0778,3,125.0,42.21,4,101.79
CUST-0779,7,21.0,23.28,27,361.46
CUST-0780,21,290.0,20.0,36,423.01
CUST-0781,22,240.0,34.09,36,822.65
CUST-0782,16,227.0,20.0,8,299.09
CUST-0783,3,20.0,28.83,17,126.21
CUST-0784,3,274.0,26.87,15,50.0
CUST-0785,12,232.0,27.33,38,417.85
CUST-0786,15,289.0,99.53,20,1604.82
CUST-0787,1,302.0,41.49,34,50.0
CUST-0788,17,78.0,45.17,44,970.85
CUST-0789,14,77.0,20.0,48,306.31
CUST-0790,1,337.0,30.14,11,50.0
CUST-0791,3,194.0,44.56,54,341.58
CUST-0792,11,160.0,25.51,10,173.73
CUST-0793,18,105.0,60.86,2,934.21
CUST-0794,20,233.0,23.54,3,182.0
CUST-0795,11,275.0,35.56,12,226.08
CUST-0796,8,1.0,31.07,52,150.87
CUST-0797,24,202.0,43.55,13,1001.36
CUST-0798,12,362.0,30.32,41,662.46
CUST-0799,8,103.0,35.81,25,264.73
CUST-0800,11,103.0,36.37,3,165.72
CUST-0801,1,320.0,29.06,27,132.95
CUST-0802,8,23.0,50.31,2,311.63
CUST-0803,13,145.0,45.03,29,774.62
CUST-0804,23,167.0,38.87,33,912.98
CUST-0805,18,291.0,33.32,31,470.38
CUST-0806,19,47.0,57.88,17,1170.28
CUST-0807,14,158.0,36.37,46,681.89
CUST-0808,3,56.0,35.23,36,101.82
CUST-0809,10,287.0,42.4,16,289.72
CUST-0810,24,231.0,86.79,26,1936.72
CUST-0811,2,181.0,22.13,7,50.0
CUST-0812,22,144.0,57.19,55,1611.2
CUST-0813,17,56.0,20.0,45,224.89
CUST-0814,7,336.0,44.6,17,192.08
CUST-0815,19,236.0,82.17,40,1692.62
CUST-0816,21,117.0,50.4,41,1283.28
CUST-0817,2,151.0,43.68,36,166.86
CUST-0818,3,265.0,31.43,4,64.78
CUST-0819,16,262.0,41.02,52,843.5
CUST-0820,24,168.0,36.11,57,1171.59
CUST-0821,1,111.0,28.4,58,90.78
CUST-0822,16,241.0,35.5,58,755.91
CUST-0823,4,240.0,44.22,55,287.62
CUST-0824,16,219.0,28.64,44,438.26
CUST-0825,15,27.0,28.14,4,262.01
CUST-0826,3,173.0,21.93,28,117.39
CUST-0827,17,224.0,48.22,15,784.55
CUST-0828,22,346.0,51.7,13,989.12
CUST-0829,21,192.0,44.89,50,966.56
CUST-0830,1,125.0,62.45,48,50.0
CUST-0831,6,203.0,42.08,31,308.74
CUST-0832,6,65.0,48.25,44,359.54
CUST-0833,11,34.0,46.37,8,297.61
CUST-0834,4,247.0,38.82,14,176.79
CUST-0835,21,359.0,31.85,51,417.31
CUST-0836,19,308.0,109.55,27,1697.4
CUST-0837,20,213.0,33.0,33,826.36
CUST-0838,5,15.0,29.97,28,400.75
CUST-0839,1,360.0,49.17,12,50.0
CUST-0840,22,164.0,45.3,49,1130.21
CUST-0841,7,106.0,21.5,45,189.06
CUST-0842,16,325.0,67.03,41,1216.53
CUST-0843,22,272.0,38.77,21,681.66
CUST-0844,1,273.0,24.53,38,50.0
CUST-0845,1,102.0,69.06,57,276.8
CUST-0846,1,362.0,53.6,39,50.0
CUST-0847,4,165.0,22.9,30,181.98
CUST-0848,2,194.0,89.99,16,50.0
CUST-0849,20,274.0,54.41,31,989.37
CUST-0850,15,241.0,40.26,22,347.58
CUST-0851,24,63.0,82.73,37,2295.45
CUST-0852,20,111.0,43.45,3,888.08
CUST-0853,24,132.0,39.94,12,904.59
CUST-0854,6,345.0,30.05,47,132.73
CUST-0855,7,261.0,52.55,23,238.15
CUST-0856,21,176.0,50.12,26,1076.94
CUST-0857,6,268.0,40.72,33,267.42
CUST-0858,2,269.0,28.35,26,169.11
CUST-0859,17,144.0,42.88,45,539.1
CUST-0860,20,147.0,39.2,15,649.28
CUST-0861,24,326.0,22.2,45,529.07
CUST-0862,23,205.0,20.86,13,411.57
CUST-0863,3,55.0,52.16,22,222.6
CUST-0864,19,263.0,20.0,35,398.56
CUST-0865,21,215.0,44.36,53,1021.03
CUST-0866,17,186.0,32.62,14,440.4
CUST-0867,20,264.0,72.87,35,1374.44
CUST-0868,21,331.0,32.39,4,624.42
CUST-0869,11,121.0,54.42,5,457.28
CUST-0870,1,153.0,33.83,46,50.0
CUST-0871,11,69.0,42.57,43,611.13
CUST-0872,5,236.0,56.35,23,445.55
CUST-0873,3,147.0,32.85,37,73.47
CUST-0874,3,125.0,63.34,23,312.13
CUST-0875,17,254.0,25.86,17,526.32
CUST-0876,13,149.0,46.18,26,611.32
CUST-0877,13,170.0,61.26,19,738.41
CUST-0878,18,161.0,54.44,49,1114.51
CUST-0879,14,95.0,95.81,25,1427.72
CUST-0880,16,46.0,28.69,19,607.74
CUST-0881,3,302.0,21.74,32,86.78
CUST-0882,21,34.0,25.86,45,747.26
CUST-0883,11,119.0,54.45,17,464.08
CUST-0884,4,243.0,50.61,56,110.56
CUST-0885,20,48.0,42.35,28,1247.59
CUST-0886,18,239.0,24.4,39,424.88
CUST-0887,2,267.0,57.12,57,50.0
CUST-0888,5,242.0,23.31,26,280.1
CUST-0889,1,112.0,68.14,12,100.0
CUST-0890,7,8.0,146.33,45,1465.34
CUST-0891,3,323.0,47.7,1,84.22
CUST-0892,18,119.0,52.58,28,984.46
CUST-0893,13,294.0,32.4,58,430.32
CUST-0894,24,73.0,20.0,25,368.88
CUST-0895,18,60.0,30.84,41,686.2
CUST-0896,15,284.0,24.73,31,375.98
CUST-0897,13,343.0,21.09,13,429.63
CUST-0898,2,314.0,87.8,19,153.82
CUST-0899,2,274.0,45.73,31,50.0
CUST-0900,15,90.0,47.98,7,677.92
CUST-0901,1,333.0,35.2,25,358.12
CUST-0902,2,244.0,37.42,25,172.92
CUST-0903,6,63.0,62.43,50,397.47
CUST-0904,22,48.0,39.86,8,957.73
CUST-0905,12,318.0,51.36,50,524.19
CUST-0906,18,101.0,37.03,25,557.45
CUST-0907,10,279.0,34.68,39,295.22
CUST-0908,5,51.0,21.47,33,140.31
CUST-0909,9,103.0,20.0,18,50.0
CUST-0910,3,104.0,35.96,55,50.0
CUST-0911,19,103.0,41.49,14,786.33
CUST-0912,5,246.0,22.67,3,50.0
CUST-0913,10,333.0,39.82,45,425.57
CUST-0914,24,332.0,41.44,37,754.03
CUST-0915,15,270.0,20.0,53,406.1
CUST-0916,12,74.0,26.79,28,223.14
CUST-0917,14,350.0,48.58,1,661.96
CUST-0918,19,198.0,48.14,2,540.37
CUST-0919,7,199.0,24.07,26,50.0
CUST-0920,16,256.0,43.44,15,638.43
CUST-0921,21,280.0,64.08,55,1637.46
CUST-0922,14,347.0,57.38,7,615.99
CUST-0923,11,212.0,38.75,52,550.28
CUST-0924,4,223.0,32.77,13,115.5
CUST-0925,6,272.0,30.47,8,50.0
CUST-0926,23,93.0,49.92,17,1123.31
CUST-0927,13,113.0,44.16,9,398.89
CUST-0928,8,228.0,53.69,24,246.63
CUST-0929,11,24.0,42.92,20,584.52
CUST-0930,14,117.0,58.47,32,775.69
CUST-0931,13,262.0,42.21,32,557.86
CUST-0932,17,356.0,57.58,1,508.35
CUST-0933,7,190.0,59.85,8,397.4
CUST-0934,16,146.0,28.16,10,356.37
CUST-0935,11,161.0,20.0,12,371.15
CUST-0936,23,250.0,81.01,6,1520.74
CUST-0937,4,199.0,45.4,19,316.92
CUST-0938,4,9.0,20.0,33,50.0
CUST-0939,12,197.0,29.33,19,334.28
CUST-0940,13,146.0,57.25,20,620.54
CUST-0941,17,256.0,35.66,28,512.94
CUST-0942,10,319.0,32.12,33,255.86
CUST-0943,22,351.0,75.97,20,1233.09
CUST-0944,12,223.0,25.25,14,118.23
CUST-0945,4,132.0,28.24,25,50.0
CUST-0946,3,162.0,44.48,2,50.0
CUST-0947,24,65.0,48.22,30,1219.05
CUST-0948,4,341.0,50.57,56,278.41
CUST-0949,23,309.0,60.95,24,1001.55
CUST-0950,7,311.0,44.23,7,67.76
CUST-0951,3,120.0,50.41,42,393.58
CUST-0952,8,118.0,35.99,8,193.0
CUST-0953,15,312.0,41.6,12,523.84
CUST-0954,11,199.0,42.45,9,479.47
CUST-0955,19,257.0,44.56,53,996.88
CUST-0956,15,179.0,57.26,58,861.57
CUST-0957,10,162.0,51.93,34,528.93
CUST-0958,16,231.0,41.26,37,474.0
CUST-0959,24,296.0,28.1,39,936.69
CUST-0960,10,122.0,41.7,37,285.03
CUST-0961,4,295.0,39.94,33,50.0
CUST-0962,10,89.0,44.12,59,471.28
CUST-0963,21,147.0,109.17,44,2481.43
CUST-0964,6,333.0,31.95,6,301.35
CUST-0965,23,348.0,48.91,24,1207.72
CUST-0966,15,337.0,65.42,58,943.88
CUST-0967,15,116.0,42.27,24,510.4
CUST-0968,8,307.0,115.82,13,461.7
CUST-0969,23,341.0,34.12,52,740.78
CUST-0970,1,357.0,46.8,37,50.0
CUST-0971,8,8.0,28.23,34,209.11
CUST-0972,11,272.0,34.53,25,365.82
CUST-0973,12,363.0,45.24,8,434.29
CUST-0974,12,279.0,59.19,23,659.57
CUST-0975,4,85.0,46.69,26,168.81
CUST-0976,6,278.0,71.28,55,325.76
CUST-0977,3,39.0,38.76,19,208.88
CUST-0978,14,175.0,34.83,9,433.06
CUST-0979,9,228.0,136.56,26,1267.29
CUST-0980,14,167.0,48.3,59,932.65
CUST-0981,15,255.0,29.26,29,239.9
CUST-0982,17,88.0,29.59,23,371.5
CUST-0983,14,221.0,26.46,40,295.71
CUST-0984,16,235.0,61.65,39,879.88
CUST-0985,15,231.0,34.33,18,548.77
CUST-0986,16,106.0,42.83,58,945.72
CUST-0987,15,112.0,39.31,35,804.41
CUST-0988,8,94.0,56.21,4,466.16
CUST-0989,6,169.0,27.63,25,191.06
CUST-0990,19,214.0,24.93,55,688.55
CUST-0991,9,132.0,44.74,24,473.64
CUST-0992,14,150.0,53.01,34,814.37
CUST-0993,5,105.0,46.98,37,451.14
CUST-0994,11,80.0,28.1,42,395.62
CUST-0995,13,240.0,54.86,52,746.43
CUST-0996,16,298.0,28.94,9,256.92
CUST-0997,13,106.0,31.99,31,549.52
CUST-0998,9,314.0,26.45,32,361.17
CUST-0999,24,208.0,72.64,9,1481.32
CUST-1000,13,62.0,53.79,40,1027.24
CUST-1001,20,134.0,53.1,7,732.07
CUST-1002,18,3.0,70.9,27,1551.49
CUST-1003,14,15.0,143.41,20,2298.84
CUST-1004,22,123.0,20.0,10,328.54
CUST-1005,4,166.0,29.01,49,421.96
CUST-1006,23,291.0,30.65,15,566.03
CUST-1007,21,49.0,27.58,16,572.69
CUST-1008,13,306.0,24.91,51,331.57
CUST-1009,18,86.0,35.34,52,588.34
CUST-1010,13,51.0,23.4,3,203.44
CUST-1011,7,255.0,47.03,17,401.1
CUST-1012,20,282.0,41.4,42,741.65
CUST-1013,6,221.0,50.22,46,226.61
CUST-1014,8,43.0,50.83,59,735.42
CUST-1015,13,42.0,53.06,33,1000.2
CUST-1016,21,142.0,34.19,1,680.34
CUST-1017,10,165.0,105.06,52,1199.0
CUST-1018,12,364.0,44.95,10,361.23
CUST-1019,1,105.0,20.0,8,50.0
CUST-1020,3,71.0,25.76,40,50.0
CUST-1021,2,345.0,20.0,36,50.0
CUST-1022,2,57.0,40.26,4,50.0
CUST-1023,21,10.0,38.29,10,737.31
CUST-1024,21,154.0,32.76,35,561.22
CUST-1025,20,146.0,99.97,16,1952.99
CUST-1026,2,226.0,51.78,41,136.24
CUST-1027,2,320.0,56.08,25,299.07
CUST-1028,7,340.0,26.6,35,84.64
CUST-1029,14,106.0,25.8,29,434.19
CUST-1030,9,358.0,41.12,22,331.73
CUST-1031,12,231.0,43.72,21,446.44
CUST-1032,5,26.0,20.0,42,220.48
CUST-1033,18,342.0,37.3,31,670.78
CUST-1034,8,51.0,40.7,36,439.25
CUST-1035,2,215.0,36.71,35,50.0
CUST-1036,18,288.0,28.05,13,363.45
CUST-1037,22,91.0,31.73,54,750.72
CUST-1038,1,99.0,37.35,34,50.0
CUST-1039,11,174.0,42.13,43,444.19
CUST-1040,20,323.0,53.1,53,934.49
CUST-1041,17,82.0,65.78,55,1541.57
CUST-1042,21,242.0,35.43,40,901.74
CUST-1043,10,165.0,32.94,47,272.66
CUST-1044,9,41.0,49.25,28,556.34
CUST-1045,18,259.0,53.24,44,858.09
CUST-1046,4,304.0,33.27,19,73.37
CUST-1047,6,210.0,57.72,42,287.39
CUST-1048,15,65.0,62.85,6,993.14
CUST-1049,17,57.0,72.33,54,1592.06
CUST-1050,3,155.0,90.04,15,377.21
CUST-1051,13,185.0,27.39,39,354.64
CUST-1052,9,201.0,40.7,1,217.47
CUST-1053,13,89.0,40.65,10,368.19
CUST-1054,24,183.0,38.7,59,1160.93
CUST-1055,2,108.0,30.2,50,183.32
CUST-1056,24,250.0,20.73,14,453.62
CUST-1057,11,290.0,42.17,8,627.16
CUST-1058,19,238.0,28.62,49,759.45
CUST-1059,11,1.0,42.04,59,652.14
CUST-1060,8,362.0,28.29,10,125.82
CUST-1061,19,9.0,24.66,40,674.87
CUST-1062,17,364.0,44.94,17,481.51
CUST-1063,4,12.0,43.29,44,373.47
CUST-1064,17,188.0,52.49,25,918.36
CUST-1065,19,39.0,108.16,8,2129.86
CUST-1066,10,35.0,45.82,20,596.61
CUST-1067,23,249.0,50.31,32,1318.19
CUST-1068,16,265.0,24.91,48,436.18
CUST-1069,9,44.0,22.67,2,183.97
CUST-1070,1,356.0,82.46,57,262.94
CUST-1071,17,117.0,26.69,39,644.01
CUST-1072,6,116.0,25.29,52,152.68
CUST-1073,19,109.0,39.74,55,976.15
CUST-1074,13,168.0,38.84,10,477.3
CUST-1075,12,65.0,26.95,6,359.33
CUST-1076,4,155.0,35.26,46,50.0
CUST-1077,18,77.0,70.33,12,1093.25
CUST-1078,4,19.0,28.14,9,50.0
CUST-1079,11,135.0,21.6,28,136.45
CUST-1080,21,245.0,61.82,54,1356.55
CUST-1081,23,278.0,50.48,47,1262.57
CUST-1082,24,129.0,30.59,31,780.18
CUST-1083,23,118.0,20.0,12,467.39
CUST-1084,14,287.0,28.93,20,196.59
CUST-1085,5,248.0,39.46,41,145.56
CUST-1086,21,303.0,68.34,10,1180.78
CUST-1087,20,330.0,25.37,31,513.89
CUST-1088,24,299.0,38.94,1,589.02
CUST-1089,16,341.0,54.81,20,719.85
CUST-1090,4,152.0,20.0,15,339.88
CUST-1091,13,144.0,64.41,41,955.2
CUST-1092,11,118.0,23.76,54,249.22
CUST-1093,21,86.0,46.96,9,942.66
CUST-1094,10,273.0,45.2,48,478.29
CUST-1095,8,261.0,65.9,39,504.55
CUST-1096,2,292.0,51.83,58,107.4
CUST-1097,21,61.0,20.0,54,395.88
CUST-1098,19,179.0,28.41,6,349.04
CUST-1099,1,81.0,43.04,44,50.0
CUST-1100,11,326.0,37.05,35,346.62
CUST-1101,12,98.0,50.15,7,503.25
CUST-1102,12,53.0,57.7,16,718.6
CUST-1103,23,208.0,53.19,55,1423.26
CUST-1104,4,320.0,36.73,33,238.0
CUST-1105,8,334.0,20.0,20,116.89
CUST-1106,5,35.0,32.95,19,231.45
CUST-1107,6,119.0,48.78,50,298.28
CUST-1108,22,56.0,24.76,17,653.02
CUST-1109,23,113.0,53.74,10,1226.11
CUST-1110,2,195.0,60.87,34,229.7
CUST-1111,16,103.0,42.82,59,997.07
CUST-1112,6,25.0,20.0,11,198.06
CUST-1113,5,186.0,22.76,16,93.08
CUST-1114,8,20.0,94.52,28,941.49
CUST-1115,5,83.0,31.63,12,286.26
CUST-1116,12,1.0,20.0,39,239.4
CUST-1117,24,32.0,70.52,15,1762.12
CUST-1118,15,159.0,40.69,8,567.38
CUST-1119,18,310.0,66.5,16,1011.14
CUST-1120,12,282.0,45.82,55,487.26
CUST-1121,1,36.0,49.72,56,61.09
CUST-1122,3,13.0,47.62,30,164.73
CUST-1123,7,124.0,55.36,24,139.34
CUST-1124,6,238.0,112.71,49,704.74
CUST-1125,21,272.0,62.61,12,1050.18
CUST-1126,21,300.0,20.0,39,379.51
CUST-1127,21,125.0,49.45,41,1382.49
CUST-1128,16,62.0,67.6,42,1217.06
CUST-1129,14,10.0,69.49,13,967.38
CUST-1130,16,54.0,33.38,43,369.75
CUST-1131,10,24.0,68.32,37,812.62
CUST-1132,17,314.0,61.4,52,1007.99
CUST-1133,20,98.0,128.72,11,2459.24
CUST-1134,19,300.0,28.86,37,646.97
CUST-1135,15,202.0,32.19,49,646.58
CUST-1136,2,197.0,35.24,17,73.99
CUST-1137,18,166.0,32.44,44,619.14
CUST-1138,9,299.0,27.1,6,306.85
CUST-1139,18,16.0,20.0,43,478.01
CUST-1140,13,34.0,33.26,36,443.06
CUST-1141,22,155.0,47.76,12,766.99
CUST-1142,9,144.0,32.4,4,203.81
CUST-1143,23,199.0,96.63,44,2525.42
CUST-1144,21,269.0,40.69,15,986.13
CUST-1145,8,214.0,72.31,30,577.47
CUST-1146,12,94.0,45.5,4,416.4
CUST-1147,13,120.0,58.67,57,842.37
CUST-1148,19,274.0,45.86,33,885.6
CUST-1149,17,74.0,74.88,55,1498.12
CUST-1150,21,184.0,41.48,10,835.23
CUST-1151,9,197.0,50.56,13,503.31
CUST-1152,13,274.0,47.7,37,650.71
CUST-1153,11,261.0,35.53,36,353.82
CUST-1154,22,170.0,48.53,47,1297.88
CUST-1155,8,113.0,110.55,55,1158.08
CUST-1156,15,134.0,35.81,49,558.46
CUST-1157,3,150.0,48.85,9,355.41
CUST-1158,21,80.0,71.24,19,1543.32
CUST-1159,10,228.0,67.57,54,853.59
CUST-1160,9,76.0,40.66,33,138.56
CUST-1161,14,237.0,20.0,52,461.6
CUST-1162,12,274.0,51.04,34,755.96
CUST-1163,21,351.0,20.0,3,295.05
CUST-1164,13,44.0,78.37,28,1263.63
CUST-1165,13,277.0,43.65,49,654.47
CUST-1166,3,32.0,63.42,39,166.15
CUST-1167,1,123.0,26.95,8,90.73
CUST-1168,10,65.0,20.11,13,110.32
CUST-1169,24,60.0,45.48,51,1382.05
CUST-1170,23,64.0,39.84,58,1401.14
CUST-1171,16,176.0,32.42,45,817.63
CUST-1172,16,300.0,42.02,6,421.06
CUST-1173,10,23.0,140.52,37,1704.05
CUST-1174,5,146.0,58.88,49,275.05
CUST-1175,1,255.0,64.86,38,152.25
CUST-1176,9,361.0,59.13,36,343.23
CUST-1177,8,311.0,78.71,28,592.51
CUST-1178,5,50.0,37.13,15,287.19
CUST-1179,7,360.0,20.0,17,96.55
CUST-1180,1,238.0,37.16,44,160.19
CUST-1181,15,66.0,58.28,5,809.72
CUST-1182,23,164.0,26.14,5,496.28
CUST-1183,17,335.0,37.36,24,408.0
CUST-1184,11,144.0,29.63,46,506.27
CUST-1185,11,67.0,79.51,39,983.74
CUST-1186,8,319.0,56.67,35,452.8
CUST-1187,4,347.0,54.23,32,178.3
CUST-1188,15,356.0,53.5,7,445.51
CUST-1189,14,348.0,39.77,20,368.18
CUST-1190,1,318.0,44.21,5,198.29
CUST-1191,10,166.0,23.73,45,295.53
CUST-1192,7,70.0,20.0,45,57.0
CUST-1193,5,225.0,43.27,16,227.6
CUST-1194,17,81.0,46.8,18,818.66
CUST-1195,13,173.0,69.7,19,1280.51
CUST-1196,16,239.0,82.03,53,1485.08
CUST-1197,18,345.0,81.98,29,1203.16
CUST-1198,24,106.0,25.81,45,927.5
CUST-1199,20,92.0,34.52,27,542.63
CUST-1200,15,268.0,50.21,42,766.22
