Customer_ID,Frequency,Recency_Days,Average_Order_Value,Tenure_Months,Predicted_LTV,LTV_Segment
CUST-0001,3,320.0,25.96,55,124.71,Low
CUST-0002,19,174.0,27.46,29,590.23,High
CUST-0003,16,359.0,122.22,21,1766.36,Very High
CUST-0004,11,278.0,90.99,7,696.63,High
CUST-0005,11,237.0,33.61,23,389.49,Medium
CUST-0006,21,329.0,34.34,14,545.93,High
CUST-0007,3,188.0,24.12,58,92.18,Low
CUST-0008,17,263.0,20.0,32,186.01,Low
CUST-0009,5,104.0,38.37,9,137.07,Low
CUST-0010,3,351.0,25.82,4,161.56,Low
CUST-0011,13,227.0,38.93,51,593.76,High
CUST-0012,24,285.0,20.0,55,561.11,High
CUST-0013,18,168.0,28.71,46,730.96,High
CUST-0014,19,316.0,43.25,8,528.19,High
CUST-0015,18,28.0,47.69,6,867.55,Very High
CUST-0016,19,42.0,48.81,12,956.13,Very High
CUST-0017,13,185.0,22.33,45,279.1,Medium
CUST-0018,4,267.0,59.42,46,252.24,Medium
CUST-0019,21,295.0,28.22,50,500.17,High
CUST-0020,11,161.0,53.77,6,601.47,High
CUST-0021,13,237.0,40.25,10,385.64,Medium
CUST-0022,9,202.0,21.77,54,395.92,Medium
CUST-0023,5,350.0,35.08,55,194.77,Low
CUST-0024,23,239.0,47.68,43,1070.9,Very High
CUST-0025,19,176.0,53.29,7,833.99,Very High
CUST-0026,16,354.0,37.96,5,452.47,Medium
CUST-0027,10,40.0,80.58,4,777.7,High
CUST-0028,20,359.0,63.65,41,1199.61,Very High
CUST-0029,14,57.0,36.04,50,681.39,High
CUST-0030,11,105.0,56.69,38,599.58,High
CUST-0031,11,300.0,96.56,16,886.04,Very High
CUST-0032,6,268.0,97.73,45,644.64,High
CUST-0033,3,354.0,23.28,4,244.59,Low
CUST-0034,14,273.0,26.66,49,373.88,Medium
CUST-0035,22,232.0,78.9,53,1945.17,Very High
CUST-0036,2,127.0,25.12,43,71.65,Low
CUST-0037,21,2.0,22.31,52,631.66,High
CUST-0038,20,46.0,32.5,35,659.12,High
CUST-0039,7,109.0,48.87,28,326.61,Medium
CUST-0040,16,15.0,38.63,20,708.36,High
CUST-0041,4,185.0,30.18,55,254.11,Medium
CUST-0042,19,283.0,29.86,42,582.74,High
CUST-0043,17,351.0,29.35,12,490.21,High
CUST-0044,9,179.0,27.23,57,340.71,Medium
CUST-0045,2,319.0,112.93,4,208.89,Low
CUST-0046,24,359.0,46.24,35,966.89,Very High
CUST-0047,11,313.0,60.28,12,721.14,High
CUST-0048,22,170.0,32.46,40,729.82,High
CUST-0049,17,119.0,37.2,25,591.72,High
CUST-0050,19,356.0,29.34,26,532.17,High
CUST-0051,19,89.0,20.0,40,663.09,High
CUST-0052,5,150.0,21.76,45,215.64,Low
CUST-0053,9,27.0,20.0,23,178.2,Low
CUST-0054,12,289.0,20.0,59,396.23,Medium
CUST-0055,12,237.0,23.62,30,290.23,Medium
CUST-0056,2,31.0,73.42,10,310.9,Medium
CUST-0057,14,81.0,39.65,1,572.08,High
CUST-0058,4,203.0,72.29,12,240.67,Low
CUST-0059,18,197.0,48.66,41,951.53,Very High
CUST-0060,17,292.0,57.52,32,909.93,Very High
CUST-0061,23,97.0,26.97,20,734.07,High
CUST-0062,18,337.0,51.2,29,806.41,Very High
CUST-0063,9,162.0,56.14,50,621.75,High
CUST-0064,24,300.0,31.2,34,849.88,Very High
CUST-0065,10,87.0,52.03,4,470.46,Medium
CUST-0066,8,14.0,52.18,3,389.24,Medium
CUST-0067,22,21.0,31.59,29,811.41,Very High
CUST-0068,9,136.0,24.4,24,293.6,Medium
CUST-0069,2,347.0,23.74,51,80.24,Low
CUST-0070,12,18.0,42.05,35,569.57,High
CUST-0071,20,135.0,46.86,45,1139.43,Very High
CUST-0072,5,40.0,28.31,35,240.37,Low
CUST-0073,12,340.0,40.93,21,247.85,Low
CUST-0074,4,246.0,52.29,39,126.89,Low
CUST-0075,17,278.0,53.42,37,959.45,Very High
CUST-0076,12,260.0,81.32,43,1048.03,Very High
CUST-0077,8,240.0,71.85,12,491.96,High
CUST-0078,6,282.0,25.78,38,138.35,Low
CUST-0079,14,3.0,86.28,17,1383.79,Very High
CUST-0080,17,316.0,31.85,47,617.43,High
CUST-0081,23,270.0,64.73,48,1448.38,Very High
CUST-0082,11,270.0,41.7,37,418.58,Medium
CUST-0083,4,144.0,33.6,56,192.03,Low
CUST-0084,20,292.0,20.0,32,391.49,Medium
CUST-0085,16,139.0,37.44,2,600.05,High
CUST-0086,17,18.0,20.05,36,351.99,Medium
CUST-0087,3,331.0,62.51,46,240.72,Low
CUST-0088,8,86.0,80.04,6,716.34,High
CUST-0089,19,38.0,28.26,7,625.06,High
CUST-0090,20,227.0,46.33,17,881.53,Very High
CUST-0091,11,86.0,29.18,50,400.44,Medium
CUST-0092,20,313.0,30.48,32,490.63,High
CUST-0093,21,162.0,57.31,58,1436.21,Very High
CUST-0094,10,2.0,39.75,52,613.57,High
CUST-0095,22,347.0,88.49,33,1676.67,Very High
CUST-0096,7,188.0,32.56,41,192.75,Low
CUST-0097,6,96.0,63.42,20,396.09,Medium
CUST-0098,17,247.0,42.26,6,586.7,High
CUST-0099,16,194.0,57.86,24,859.57,Very High
CUST-0100,4,11.0,33.08,35,189.74,Low
CUST-0101,20,277.0,39.56,11,667.01,High
CUST-0102,5,147.0,38.4,14,205.38,Low
CUST-0103,20,255.0,27.76,1,551.0,High
CUST-0104,1,327.0,54.49,44,147.62,Low
CUST-0105,20,223.0,54.2,54,1146.56,Very High
CUST-0106,19,245.0,52.83,49,965.43,Very High
CUST-0107,19,93.0,80.77,23,1593.37,Very High
CUST-0108,16,87.0,77.65,36,1268.93,Very High
CUST-0109,12,152.0,34.17,57,435.49,Medium
CUST-0110,17,311.0,47.84,35,796.72,Very High
CUST-0111,7,191.0,30.55,18,139.61,Low
CUST-0112,19,127.0,40.87,20,733.71,High
CUST-0113,14,284.0,30.88,43,410.94,Medium
CUST-0114,12,311.0,83.85,27,1006.42,Very High
CUST-0115,13,329.0,47.64,50,645.19,High
CUST-0116,14,109.0,36.67,51,848.93,Very High
CUST-0117,1,259.0,69.21,3,99.3,Low
CUST-0118,4,215.0,20.0,43,65.23,Low
CUST-0119,6,164.0,20.0,22,136.65,Low
CUST-0120,3,145.0,57.87,31,214.91,Low
CUST-0121,11,42.0,41.56,16,503.51,High
CUST-0122,17,101.0,45.27,22,958.86,Very High
CUST-0123,16,201.0,22.27,20,281.62,Medium
CUST-0124,12,323.0,40.03,3,342.88,Medium
CUST-0125,21,316.0,99.64,47,2008.15,Very High
CUST-0126,14,69.0,58.61,9,678.15,High
CUST-0127,2,248.0,43.66,23,156.41,Low
CUST-0128,19,31.0,33.2,12,757.79,High
CUST-0129,14,246.0,33.87,10,353.28,Medium
CUST-0130,16,125.0,20.0,23,373.84,Medium
CUST-0131,14,164.0,45.42,55,656.95,High
CUST-0132,14,262.0,59.17,56,783.52,High
CUST-0133,3,155.0,20.0,23,147.85,Low
CUST-0134,14,294.0,30.03,30,332.42,Medium
CUST-0135,20,195.0,24.03,59,484.49,High
CUST-0136,8,364.0,26.2,14,188.17,Low
CUST-0137,15,233.0,41.43,56,666.37,High
CUST-0138,1,108.0,20.0,7,62.76,Low
CUST-0139,9,283.0,53.33,14,479.54,High
CUST-0140,11,149.0,56.78,20,527.19,High
CUST-0141,24,195.0,36.13,3,762.29,High
CUST-0142,6,50.0,20.0,49,203.23,Low
CUST-0143,7,44.0,25.83,51,306.62,Medium
CUST-0144,10,210.0,70.44,23,791.85,Very High
CUST-0145,24,68.0,20.0,50,587.11,High
CUST-0146,21,364.0,34.59,46,752.26,High
CUST-0147,1,312.0,23.78,48,63.34,Low
CUST-0148,6,256.0,58.09,48,493.48,High
CUST-0149,20,268.0,29.85,34,496.27,High
CUST-0150,2,217.0,48.51,7,210.91,Low
CUST-0151,21,22.0,52.17,55,1458.55,Very High
CUST-0152,7,143.0,92.42,36,805.75,Very High
CUST-0153,23,181.0,36.92,54,1015.73,Very High
CUST-0154,8,334.0,47.91,57,363.6,Medium
CUST-0155,11,80.0,20.73,12,186.34,Low
CUST-0156,16,181.0,69.11,24,1163.28,Very High
CUST-0157,4,126.0,28.73,12,117.86,Low
CUST-0158,14,49.0,31.43,4,402.26,Medium
CUST-0159,13,38.0,40.04,58,703.55,High
CUST-0160,19,133.0,20.02,55,551.26,High
CUST-0161,24,31.0,44.83,55,1444.18,Very High
CUST-0162,16,25.0,62.51,53,1256.45,Very High
CUST-0163,10,128.0,46.15,39,458.88,Medium
CUST-0164,10,74.0,20.0,31,230.49,Low
CUST-0165,11,202.0,38.26,59,596.97,High
CUST-0166,20,7.0,56.48,33,1483.02,Very High
CUST-0167,8,110.0,20.0,38,274.9,Medium
CUST-0168,5,165.0,24.94,13,164.97,Low
CUST-0169,9,351.0,60.01,45,472.96,Medium
CUST-0170,1,231.0,45.67,49,100.3,Low
CUST-0171,3,321.0,48.69,41,212.42,Low
CUST-0172,3,125.0,93.39,30,253.01,Medium
CUST-0173,19,164.0,49.94,12,751.31,High
CUST-0174,18,154.0,54.38,2,856.54,Very High
CUST-0175,17,324.0,136.98,38,1889.98,Very High
CUST-0176,12,350.0,36.74,41,456.16,Medium
CUST-0177,18,351.0,28.25,46,551.9,High
CUST-0178,4,274.0,49.03,57,243.2,Low
CUST-0179,22,184.0,49.28,30,1199.77,Very High
CUST-0180,13,197.0,31.91,49,466.14,Medium
CUST-0181,23,357.0,25.42,43,610.23,High
CUST-0182,4,104.0,114.37,17,349.19,Medium
CUST-0183,12,127.0,46.86,50,677.61,High
CUST-0184,17,327.0,29.09,4,428.07,Medium
CUST-0185,12,141.0,61.08,36,781.22,High
CUST-0186,11,86.0,38.51,56,554.68,High
CUST-0187,4,205.0,36.1,39,99.5,Low
CUST-0188,10,119.0,52.09,56,598.41,High
CUST-0189,6,325.0,22.62,4,92.38,Low
CUST-0190,8,331.0,47.4,32,455.6,Medium
CUST-0191,17,112.0,95.66,47,2022.43,Very High
CUST-0192,16,193.0,49.89,38,887.34,Very High
CUST-0193,15,359.0,34.15,52,499.82,High
CUST-0194,9,271.0,32.19,28,251.2,Low
CUST-0195,24,79.0,33.63,41,1140.17,Very High
CUST-0196,3,216.0,36.08,25,112.07,Low
CUST-0197,9,226.0,34.12,52,345.67,Medium
CUST-0198,3,238.0,61.09,8,159.32,Low
CUST-0199,9,10.0,20.0,15,185.81,Low
CUST-0200,24,109.0,59.61,6,1154.79,Very High
CUST-0201,9,312.0,34.09,42,299.78,Medium
CUST-0202,22,88.0,47.92,14,1151.73,Very High
CUST-0203,12,110.0,24.36,19,313.11,Medium
CUST-0204,17,118.0,73.54,50,1545.56,Very High
CUST-0205,11,65.0,70.85,22,776.06,High
CUST-0206,7,57.0,62.29,9,450.82,Medium
CUST-0207,19,127.0,20.46,2,356.42,Medium
CUST-0208,24,319.0,58.74,14,1019.42,Very High
CUST-0209,7,1.0,48.53,54,382.48,Medium
CUST-0210,19,104.0,20.0,33,583.86,High
CUST-0211,7,23.0,40.01,59,400.76,Medium
CUST-0212,18,205.0,47.66,13,653.01,High
CUST-0213,19,92.0,51.95,21,1010.01,Very High
CUST-0214,11,289.0,43.81,10,427.25,Medium
CUST-0215,18,213.0,46.11,24,855.32,Very High
CUST-0216,7,286.0,78.5,34,592.56,High
CUST-0217,2,232.0,70.23,48,205.88,Low
CUST-0218,3,160.0,20.0,22,106.46,Low
CUST-0219,11,314.0,35.06,46,400.26,Medium
CUST-0220,22,174.0,37.56,37,831.33,Very High
CUST-0221,4,346.0,20.0,18,145.24,Low
CUST-0222,11,363.0,42.2,54,372.62,Medium
CUST-0223,17,215.0,70.95,26,1125.03,Very High
CUST-0224,5,246.0,24.8,9,182.71,Low
CUST-0225,18,94.0,47.06,57,1125.2,Very High
CUST-0226,8,297.0,26.79,54,317.71,Medium
CUST-0227,20,245.0,29.89,3,495.73,High
CUST-0228,14,329.0,78.64,54,1191.13,Very High
CUST-0229,14,98.0,31.69,56,448.8,Medium
CUST-0230,5,287.0,49.8,49,321.29,Medium
CUST-0231,12,172.0,20.0,16,251.08,Low
CUST-0232,21,68.0,93.51,38,2056.9,Very High
CUST-0233,1,63.0,53.05,32,107.57,Low
CUST-0234,19,205.0,37.26,37,753.0,High
CUST-0235,12,117.0,40.26,37,517.01,High
CUST-0236,18,38.0,21.45,38,439.36,Medium
CUST-0237,16,156.0,68.86,31,1192.16,Very High
CUST-0238,11,238.0,34.96,41,421.92,Medium
CUST-0239,8,117.0,36.9,32,208.83,Low
CUST-0240,16,348.0,32.42,1,305.37,Medium
CUST-0241,4,284.0,31.15,3,98.49,Low
CUST-0242,15,187.0,55.29,57,907.27,Very High
CUST-0243,3,341.0,45.38,54,126.0,Low
CUST-0244,16,158.0,54.23,35,957.73,Very High
CUST-0245,16,51.0,40.29,11,635.36,High
CUST-0246,3,14.0,50.95,47,205.85,Low
CUST-0247,19,342.0,33.5,9,403.84,Medium
CUST-0248,10,350.0,110.32,23,1095.54,Very High
CUST-0249,19,270.0,20.0,20,397.82,Medium
CUST-0250,1,38.0,71.34,1,109.26,Low
CUST-0251,5,107.0,74.86,48,448.45,Medium
CUST-0252,12,15.0,27.56,31,475.15,Medium
CUST-0253,5,19.0,110.3,19,613.01,High
CUST-0254,8,90.0,63.31,30,516.44,High
CUST-0255,16,209.0,62.62,1,923.3,Very High
CUST-0256,4,24.0,40.96,26,161.49,Low
CUST-0257,17,359.0,36.68,31,623.48,High
CUST-0258,3,166.0,36.81,21,145.99,Low
CUST-0259,5,97.0,48.22,49,308.46,Medium
CUST-0260,15,188.0,75.98,15,1088.7,Very High
CUST-0261,20,288.0,43.89,9,719.29,High
CUST-0262,5,114.0,26.84,32,231.17,Low
CUST-0263,8,18.0,58.62,53,612.26,High
CUST-0264,23,19.0,61.22,23,1569.33,Very High
CUST-0265,24,311.0,54.3,3,918.69,Very High
CUST-0266,14,41.0,56.57,58,1039.7,Very High
CUST-0267,11,232.0,35.8,27,312.66,Medium
CUST-0268,9,140.0,26.63,11,274.99,Medium
CUST-0269,15,284.0,27.37,37,403.7,Medium
CUST-0270,15,23.0,20.0,19,261.85,Medium
CUST-0271,8,327.0,45.0,56,378.73,Medium
CUST-0272,1,255.0,38.96,18,207.44,Low
CUST-0273,4,164.0,33.18,33,188.77,Low
CUST-0274,24,76.0,20.0,33,667.54,High
CUST-0275,11,356.0,23.07,15,240.42,Low
CUST-0276,12,110.0,66.98,30,892.68,Very High
CUST-0277,12,179.0,29.99,7,190.64,Low
CUST-0278,19,144.0,47.57,38,1007.91,Very High
CUST-0279,2,84.0,21.63,45,78.69,Low
CUST-0280,2,152.0,77.28,57,146.82,Low
CUST-0281,7,56.0,37.91,20,291.61,Medium
CUST-0282,12,1.0,46.09,17,643.21,High
CUST-0283,17,106.0,115.19,33,2172.26,Very High
CUST-0284,12,41.0,80.03,41,1128.14,Very High
CUST-0285,11,151.0,35.24,59,563.01,High
CUST-0286,23,315.0,30.97,2,446.19,Medium
CUST-0287,4,60.0,34.94,15,172.42,Low
CUST-0288,14,1.0,50.88,16,814.24,Very High
CUST-0289,14,41.0,38.58,16,614.52,High
CUST-0290,12,185.0,33.86,28,466.68,Medium
CUST-0291,20,101.0,78.28,52,1682.7,Very High
CUST-0292,7,179.0,38.42,2,284.72,Medium
CUST-0293,23,11.0,113.84,49,2589.48,Very High
CUST-0294,8,122.0,42.13,37,444.61,Medium
CUST-0295,14,150.0,90.32,37,1435.71,Very High
CUST-0296,13,158.0,47.5,41,722.72,High
CUST-0297,21,201.0,62.39,7,1168.15,Very High
CUST-0298,11,285.0,29.19,45,387.38,Medium
CUST-0299,7,171.0,27.54,15,166.79,Low
CUST-0300,1,307.0,49.74,31,82.77,Low
CUST-0301,9,193.0,63.11,40,501.55,High
CUST-0302,20,95.0,41.19,36,985.86,Very High
CUST-0303,1,84.0,22.67,20,76.26,Low
CUST-0304,22,118.0,21.93,24,575.98,High
CUST-0305,14,218.0,21.28,29,292.81,Medium
CUST-0306,4,89.0,20.0,3,74.01,Low
CUST-0307,8,333.0,42.49,43,363.96,Medium
CUST-0308,14,175.0,67.11,6,874.67,Very High
CUST-0309,8,315.0,40.2,28,288.67,Medium
CUST-0310,3,249.0,20.0,39,85.29,Low
CUST-0311,16,122.0,37.12,5,669.2,High
CUST-0312,17,84.0,37.59,59,777.73,High
CUST-0313,3,271.0,103.88,23,247.61,Low
CUST-0314,7,121.0,21.0,1,153.97,Low
CUST-0315,6,90.0,40.26,39,312.62,Medium
CUST-0316,16,339.0,87.15,33,1372.04,Very High
CUST-0317,18,176.0,49.53,38,1077.48,Very High
CUST-0318,18,18.0,52.12,45,1197.0,Very High
CUST-0319,23,181.0,42.59,29,1013.4,Very High
CUST-0320,19,168.0,46.92,49,1025.2,Very High
CUST-0321,8,315.0,57.39,22,435.58,Medium
CUST-0322,3,260.0,28.1,33,107.52,Low
CUST-0323,15,70.0,60.05,10,805.21,Very High
CUST-0324,22,55.0,21.81,37,607.76,High
CUST-0325,24,220.0,46.89,16,990.81,Very High
CUST-0326,6,18.0,43.84,42,346.25,Medium
CUST-0327,6,117.0,30.65,48,195.62,Low
CUST-0328,1,51.0,40.04,51,115.66,Low
CUST-0329,4,8.0,30.57,55,214.94,Low
CUST-0330,14,335.0,24.97,8,335.3,Medium
CUST-0331,14,33.0,34.5,9,317.62,Medium
CUST-0332,9,4.0,24.61,55,262.35,Medium
CUST-0333,8,340.0,46.77,23,415.02,Medium
CUST-0334,20,69.0,24.11,2,566.39,High
CUST-0335,12,298.0,55.72,17,639.84,High
CUST-0336,20,12.0,23.77,50,614.12,High
CUST-0337,24,56.0,31.35,21,913.25,Very High
CUST-0338,8,41.0,30.54,5,168.14,Low
CUST-0339,5,258.0,73.43,43,472.16,Medium
CUST-0340,23,226.0,46.93,12,794.34,Very High
CUST-0341,16,174.0,36.77,21,648.35,High
CUST-0342,7,88.0,50.62,1,299.34,Medium
CUST-0343,15,33.0,20.0,36,407.99,Medium
CUST-0344,13,208.0,39.67,27,493.24,High
CUST-0345,22,84.0,99.37,52,2319.46,Very High
CUST-0346,7,215.0,42.93,20,242.15,Low
CUST-0347,24,251.0,41.7,13,883.64,Very High
CUST-0348,23,310.0,51.76,10,861.8,Very High
CUST-0349,5,180.0,60.52,12,359.7,Medium
CUST-0350,4,2.0,20.0,27,143.74,Low
CUST-0351,13,103.0,20.0,6,248.69,Low
CUST-0352,2,311.0,44.46,24,99.07,Low
CUST-0353,8,195.0,29.32,51,292.02,Medium
CUST-0354,11,226.0,73.0,46,907.76,Very High
CUST-0355,24,167.0,35.1,38,926.43,Very High
CUST-0356,24,60.0,20.0,53,577.13,High
CUST-0357,4,327.0,22.86,47,161.98,Low
CUST-0358,22,282.0,20.0,39,680.28,High
CUST-0359,3,363.0,36.4,51,152.82,Low
CUST-0360,18,312.0,37.16,8,548.65,High
CUST-0361,21,106.0,33.41,49,893.19,Very High
CUST-0362,22,93.0,65.73,18,1425.8,Very High
CUST-0363,6,91.0,69.36,44,408.13,Medium
CUST-0364,22,335.0,37.46,54,804.41,Very High
CUST-0365,3,203.0,20.0,30,132.83,Low
CUST-0366,13,166.0,53.4,6,619.09,High
CUST-0367,12,353.0,51.93,22,519.45,High
CUST-0368,8,220.0,46.49,25,430.08,Medium
CUST-0369,1,332.0,62.91,56,164.05,Low
CUST-0370,19,359.0,23.95,56,462.49,Medium
CUST-0371,9,29.0,99.88,34,1009.22,Very High
CUST-0372,16,132.0,26.27,57,542.64,High
CUST-0373,10,176.0,56.66,26,580.03,High
CUST-0374,9,296.0,20.0,25,132.09,Low
CUST-0375,22,55.0,26.61,50,733.78,High
CUST-0376,3,116.0,80.03,40,282.43,Medium
CUST-0377,18,200.0,35.97,31,720.2,High
CUST-0378,18,291.0,59.03,27,929.35,Very High
CUST-0379,10,42.0,45.0,42,566.45,High
CUST-0380,7,219.0,38.58,45,313.12,Medium
CUST-0381,1,108.0,74.72,29,121.22,Low
CUST-0382,23,79.0,36.36,2,832.42,Very High
CUST-0383,23,188.0,20.0,7,416.97,Medium
CUST-0384,6,151.0,28.18,9,152.34,Low
CUST-0385,1,232.0,51.83,28,77.66,Low
CUST-0386,3,116.0,48.33,37,127.73,Low
CUST-0387,2,300.0,20.0,48,64.26,Low
CUST-0388,20,29.0,29.2,14,648.97,High
CUST-0389,22,314.0,31.13,47,670.63,High
CUST-0390,4,11.0,34.31,40,163.9,Low
CUST-0391,18,268.0,21.78,4,274.32,Medium
CUST-0392,5,127.0,30.48,21,118.38,Low
CUST-0393,9,140.0,29.14,18,138.29,Low
CUST-0394,15,7.0,57.24,53,1124.73,Very High
CUST-0395,18,256.0,58.21,55,1030.44,Very High
CUST-0396,21,61.0,37.88,49,1154.51,Very High
CUST-0397,2,240.0,33.91,32,135.53,Low
CUST-0398,5,264.0,43.08,30,118.64,Low
CUST-0399,7,308.0,28.01,19,129.14,Low
CUST-0400,8,258.0,24.14,46,249.17,Low
CUST-0401,24,110.0,26.49,6,632.86,High
CUST-0402,19,269.0,30.4,16,535.04,High
CUST-0403,8,301.0,23.96,8,112.61,Low
CUST-0404,24,116.0,43.51,30,1119.75,Very High
CUST-0405,12,46.0,56.17,18,737.44,High
CUST-0406,13,324.0,20.0,12,285.05,Medium
CUST-0407,11,54.0,40.91,23,425.4,Medium
CUST-0408,4,217.0,36.64,51,134.85,Low
CUST-0409,23,87.0,47.17,33,1066.64,Very High
CUST-0410,1,46.0,40.21,49,78.96,Low
CUST-0411,5,283.0,21.03,54,113.58,Low
CUST-0412,6,53.0,22.92,54,253.3,Medium
CUST-0413,7,244.0,40.99,21,260.13,Medium
CUST-0414,4,253.0,64.26,52,251.84,Medium
CUST-0415,1,22.0,20.0,54,97.34,Low
CUST-0416,17,63.0,47.26,57,1070.39,Very High
CUST-0417,24,290.0,69.08,21,1327.16,Very High
CUST-0418,3,185.0,37.76,14,155.82,Low
CUST-0419,8,45.0,51.81,35,406.29,Medium
CUST-0420,13,362.0,29.48,55,406.64,Medium
CUST-0421,23,97.0,38.33,54,1108.84,Very High
CUST-0422,17,2.0,20.0,34,426.37,Medium
CUST-0423,19,337.0,20.0,9,304.98,Medium
CUST-0424,14,7.0,61.82,25,1014.44,Very High
CUST-0425,11,202.0,25.97,43,207.47,Low
CUST-0426,5,362.0,32.95,34,203.88,Low
CUST-0427,21,211.0,21.67,21,356.55,Medium
CUST-0428,20,213.0,21.45,21,357.19,Medium
CUST-0429,1,142.0,37.4,4,76.93,Low
CUST-0430,18,47.0,29.13,18,573.27,High
CUST-0431,3,209.0,47.95,40,146.26,Low
CUST-0432,18,327.0,49.58,15,649.84,High
CUST-0433,20,34.0,46.73,59,1327.05,Very High
CUST-0434,4,321.0,45.03,5,155.49,Low
CUST-0435,11,152.0,82.27,35,956.13,Very High
CUST-0436,3,196.0,25.02,30,211.87,Low
CUST-0437,14,61.0,39.46,50,692.76,High
CUST-0438,23,227.0,67.34,53,1699.62,Very High
CUST-0439,2,67.0,71.45,33,213.32,Low
CUST-0440,10,100.0,21.33,38,286.22,Medium
CUST-0441,24,263.0,35.14,42,857.07,Very High
CUST-0442,8,19.0,74.53,31,642.98,High
CUST-0443,4,163.0,50.84,11,186.38,Low
CUST-0444,12,217.0,44.16,26,426.0,Medium
CUST-0445,13,49.0,36.67,15,400.18,Medium
CUST-0446,16,108.0,34.03,28,499.51,High
CUST-0447,8,126.0,46.05,37,364.85,Medium
CUST-0448,23,242.0,36.11,13,755.47,High
CUST-0449,13,356.0,39.68,15,427.69,Medium
CUST-0450,7,305.0,41.9,49,209.94,Low
CUST-0451,24,70.0,29.81,23,765.0,High
CUST-0452,23,7.0,51.39,12,1099.64,Very High
CUST-0453,12,19.0,150.12,43,2031.01,Very High
CUST-0454,1,217.0,20.0,43,68.6,Low
CUST-0455,15,57.0,46.8,49,978.86,Very High
CUST-0456,14,85.0,28.73,45,416.88,Medium
CUST-0457,4,309.0,52.45,59,297.76,Medium
CUST-0458,16,319.0,41.3,34,483.82,High
CUST-0459,21,306.0,56.99,17,900.48,Very High
CUST-0460,3,93.0,68.65,51,316.3,Medium
CUST-0461,18,226.0,44.11,16,823.03,Very High
CUST-0462,4,223.0,67.32,18,251.67,Medium
CUST-0463,18,68.0,20.0,49,505.14,High
CUST-0464,11,202.0,82.74,53,871.91,Very High
CUST-0465,1,192.0,47.88,21,86.0,Low
CUST-0466,24,145.0,65.7,44,1745.93,Very High
CUST-0467,4,274.0,23.36,55,93.02,Low
CUST-0468,15,247.0,27.83,48,354.12,Medium
CUST-0469,5,194.0,43.19,1,193.5,Low
CUST-0470,23,265.0,40.14,40,906.57,Very High
CUST-0471,18,278.0,45.94,11,715.8,High
CUST-0472,20,207.0,65.89,50,1455.18,Very High
CUST-0473,11,98.0,20.0,4,283.37,Medium
CUST-0474,12,277.0,62.69,59,825.7,Very High
CUST-0475,16,262.0,40.6,11,524.18,High
CUST-0476,19,358.0,36.9,25,658.82,High
CUST-0477,21,55.0,20.86,14,375.74,Medium
CUST-0478,1,153.0,50.72,49,275.34,Medium
CUST-0479,16,337.0,20.0,24,262.84,Medium
CUST-0480,3,188.0,54.15,44,225.19,Low
CUST-0481,7,344.0,20.67,4,154.63,Low
CUST-0482,20,5.0,41.43,27,1047.07,Very High
CUST-0483,7,13.0,38.34,54,432.54,Medium
CUST-0484,20,290.0,68.46,55,1331.28,Very High
CUST-0485,12,131.0,37.32,13,492.8,High
CUST-0486,6,190.0,29.6,24,144.44,Low
CUST-0487,9,156.0,32.2,25,278.32,Medium
CUST-0488,13,149.0,71.72,34,967.18,Very High
CUST-0489,19,342.0,51.49,32,883.67,Very High
CUST-0490,15,35.0,34.0,7,425.14,Medium
CUST-0491,23,282.0,36.36,45,813.38,Very High
CUST-0492,21,324.0,20.0,14,307.75,Medium
CUST-0493,19,240.0,48.17,19,935.0,Very High
CUST-0494,15,144.0,20.0,50,531.21,High
CUST-0495,7,59.0,56.73,41,451.2,Medium
CUST-0496,10,249.0,42.86,24,426.11,Medium
CUST-0497,3,171.0,118.41,54,337.02,Medium
CUST-0498,9,55.0,24.65,24,248.36,Low
CUST-0499,23,131.0,38.62,34,932.68,Very High
CUST-0500,11,351.0,90.85,15,744.46,High
CUST-0501,3,97.0,69.14,11,299.84,Medium
CUST-0502,16,65.0,29.57,30,481.21,High
CUST-0503,24,176.0,44.74,34,1057.31,Very High
CUST-0504,21,73.0,40.48,48,990.54,Very High
CUST-0505,7,335.0,45.92,24,306.45,Medium
CUST-0506,11,313.0,29.54,53,491.5,High
CUST-0507,13,359.0,38.85,36,501.03,High
CUST-0508,6,333.0,20.0,5,200.75,Low
CUST-0509,7,89.0,42.98,44,306.21,Medium
CUST-0510,6,78.0,49.53,34,360.23,Medium
CUST-0511,24,125.0,36.51,23,827.56,Very High
CUST-0512,18,172.0,20.0,28,360.52,Medium
CUST-0513,21,321.0,63.11,18,1147.39,Very High
CUST-0514,20,267.0,47.66,37,971.7,Very High
CUST-0515,24,235.0,29.17,34,620.23,High
CUST-0516,3,320.0,35.65,27,94.81,Low
CUST-0517,22,236.0,20.59,17,299.92,Medium
CUST-0518,2,138.0,25.5,24,116.62,Low
CUST-0519,12,151.0,31.75,30,557.92,High
CUST-0520,15,189.0,70.3,28,1119.06,Very High
CUST-0521,9,33.0,30.33,19,114.3,Low
CUST-0522,4,270.0,53.95,35,295.78,Medium
CUST-0523,5,238.0,31.75,14,225.53,Low
CUST-0524,20,267.0,45.22,30,957.6,Very High
CUST-0525,8,195.0,37.95,8,246.49,Low
CUST-0526,8,285.0,59.91,28,545.09,High
CUST-0527,23,346.0,31.8,47,733.15,High
CUST-0528,4,208.0,20.0,49,70.25,Low
CUST-0529,22,162.0,21.72,41,613.99,High
CUST-0530,23,39.0,31.84,44,752.72,High
CUST-0531,15,284.0,23.06,4,246.08,Low
CUST-0532,4,330.0,48.65,21,276.27,Medium
CUST-0533,4,255.0,32.8,39,117.52,Low
CUST-0534,7,316.0,117.75,48,788.86,High
CUST-0535,14,314.0,20.0,35,340.21,Medium
CUST-0536,4,291.0,44.33,51,253.76,Medium
CUST-0537,11,184.0,24.35,17,317.75,Medium
CUST-0538,3,37.0,32.39,10,162.11,Low
CUST-0539,13,2.0,43.1,6,640.52,High
CUST-0540,1,75.0,20.0,35,102.1,Low
CUST-0541,18,157.0,45.0,40,949.74,Very High
CUST-0542,2,271.0,95.23,17,185.31,Low
CUST-0543,5,166.0,32.98,47,266.42,Medium
CUST-0544,5,9.0,45.46,44,259.13,Medium
CUST-0545,20,77.0,64.15,22,1329.56,Very High
CUST-0546,2,357.0,37.57,15,125.0,Low
CUST-0547,11,360.0,40.26,44,370.5,Medium
CUST-0548,15,138.0,20.0,40,491.21,High
CUST-0549,13,294.0,53.97,11,621.3,High
CUST-0550,17,262.0,38.44,16,557.89,High
CUST-0551,20,339.0,25.64,29,532.65,High
CUST-0552,10,324.0,42.82,31,391.5,Medium
CUST-0553,20,229.0,31.1,10,579.51,High
CUST-0554,8,144.0,31.89,56,304.79,Medium
CUST-0555,24,229.0,53.13,23,1257.36,Very High
CUST-0556,13,117.0,22.15,23,348.33,Medium
CUST-0557,18,127.0,64.8,4,946.18,Very High
CUST-0558,22,222.0,21.56,52,561.83,High
CUST-0559,20,208.0,30.02,14,547.62,High
CUST-0560,21,212.0,96.09,59,2407.29,Very High
CUST-0561,13,141.0,67.18,30,976.34,Very High
CUST-0562,2,149.0,42.26,52,164.36,Low
CUST-0563,12,4.0,26.49,11,264.47,Medium
CUST-0564,5,220.0,31.88,10,198.19,Low
CUST-0565,22,210.0,41.8,48,892.5,Very High
CUST-0566,6,341.0,41.14,49,188.11,Low
CUST-0567,6,184.0,38.83,33,314.55,Medium
CUST-0568,6,171.0,39.89,2,230.38,Low
CUST-0569,16,25.0,36.73,56,804.28,Very High
CUST-0570,14,72.0,21.14,24,357.42,Medium
CUST-0571,23,124.0,32.06,56,812.09,Very High
CUST-0572,10,138.0,61.04,52,752.73,High
CUST-0573,7,133.0,21.85,51,238.26,Low
CUST-0574,2,144.0,37.14,41,81.0,Low
CUST-0575,1,280.0,27.97,40,61.2,Low
CUST-0576,9,48.0,42.53,32,443.85,Medium
CUST-0577,23,121.0,33.96,2,569.07,High
CUST-0578,13,60.0,78.64,23,1056.09,Very High
CUST-0579,22,113.0,50.8,44,1446.92,Very High
CUST-0580,3,250.0,22.41,48,97.02,Low
CUST-0581,3,18.0,54.71,34,125.42,Low
CUST-0582,21,124.0,28.54,42,589.54,High
CUST-0583,3,9.0,31.2,2,108.68,Low
CUST-0584,2,348.0,46.58,28,207.25,Low
CUST-0585,10,265.0,32.42,30,284.9,Medium
CUST-0586,23,89.0,60.45,53,1821.27,Very High
CUST-0587,17,73.0,28.54,19,549.43,High
CUST-0588,3,37.0,30.61,14,147.85,Low
CUST-0589,21,173.0,30.1,21,514.26,High
CUST-0590,21,275.0,31.36,11,593.62,High
CUST-0591,20,213.0,66.33,33,1313.78,Very High
CUST-0592,22,321.0,53.68,38,1154.76,Very High
CUST-0593,6,126.0,87.31,48,591.98,High
CUST-0594,24,102.0,112.22,58,3176.14,Very High
CUST-0595,8,175.0,25.44,5,207.62,Low
CUST-0596,20,74.0,41.75,15,878.96,Very High
CUST-0597,14,356.0,23.82,18,299.61,Medium
CUST-0598,19,68.0,28.5,15,617.6,High
CUST-0599,16,175.0,30.46,49,594.81,High
CUST-0600,16,191.0,25.14,9,470.77,Medium
CUST-0601,15,21.0,25.2,2,424.18,Medium
CUST-0602,19,171.0,37.9,51,793.47,Very High
CUST-0603,18,166.0,23.39,57,549.94,High
CUST-0604,4,95.0,59.08,14,203.43,Low
CUST-0605,20,47.0,26.76,20,522.28,High
CUST-0606,13,17.0,143.21,30,2228.82,Very High
CUST-0607,8,4.0,33.01,32,178.41,Low
CUST-0608,13,176.0,41.78,59,734.22,High
CUST-0609,24,33.0,22.58,24,604.26,High
CUST-0610,21,350.0,87.16,1,1506.41,Very High
CUST-0611,21,90.0,66.94,25,1517.35,Very High
CUST-0612,12,238.0,46.23,33,578.66,High
CUST-0613,19,246.0,22.06,31,346.23,Medium
CUST-0614,10,181.0,44.47,31,491.01,High
CUST-0615,17,322.0,24.42,55,465.18,Medium
CUST-0616,16,41.0,78.11,48,1418.72,Very High
CUST-0617,6,86.0,58.21,15,371.2,Medium
CUST-0618,7,92.0,42.22,21,379.67,Medium
CUST-0619,2,50.0,20.0,40,166.48,Low
CUST-0620,4,108.0,25.98,25,146.53,Low
CUST-0621,11,114.0,55.12,26,546.56,High
CUST-0622,12,279.0,69.81,10,885.5,Very High
CUST-0623,4,110.0,66.63,16,304.02,Medium
CUST-0624,11,320.0,20.0,44,300.51,Medium
CUST-0625,15,282.0,46.33,50,772.14,High
CUST-0626,6,329.0,63.88,47,409.39,Medium
CUST-0627,9,39.0,20.0,19,154.51,Low
CUST-0628,9,359.0,40.3,9,219.79,Low
CUST-0629,13,224.0,45.75,10,367.06,Medium
CUST-0630,9,358.0,40.26,24,292.17,Medium
CUST-0631,18,130.0,20.0,31,426.91,Medium
CUST-0632,8,347.0,34.93,53,307.99,Medium
CUST-0633,11,215.0,34.91,54,352.43,Medium
CUST-0634,10,27.0,37.84,1,405.19,Medium
CUST-0635,5,150.0,31.39,42,334.99,Medium
CUST-0636,17,51.0,33.14,18,586.76,High
CUST-0637,6,343.0,39.73,12,205.52,Low
CUST-0638,8,111.0,49.36,33,473.17,Medium
CUST-0639,20,81.0,35.27,3,823.19,Very High
CUST-0640,23,202.0,33.64,20,631.34,High
CUST-0641,17,155.0,42.16,33,706.72,High
CUST-0642,22,36.0,20.0,17,412.63,Medium
CUST-0643,21,298.0,50.13,36,979.17,Very High
CUST-0644,12,308.0,40.44,28,394.53,Medium
CUST-0645,19,271.0,41.18,48,756.09,High
CUST-0646,8,225.0,62.32,11,578.3,High
CUST-0647,12,147.0,20.0,4,257.23,Medium
CUST-0648,13,198.0,20.0,32,250.88,Low
CUST-0649,24,190.0,45.75,16,1171.55,Very High
CUST-0650,21,61.0,40.32,42,1054.88,Very High
CUST-0651,12,30.0,43.67,6,473.9,Medium
CUST-0652,16,93.0,32.85,34,482.91,High
CUST-0653,5,166.0,54.54,59,362.92,Medium
CUST-0654,20,59.0,61.54,6,1247.86,Very High
CUST-0655,14,39.0,50.29,18,958.44,Very High
CUST-0656,13,311.0,35.97,50,425.7,Medium
CUST-0657,19,137.0,20.0,32,524.58,High
CUST-0658,16,213.0,57.18,11,732.6,High
CUST-0659,2,191.0,70.09,13,217.8,Low
CUST-0660,7,268.0,54.06,46,225.3,Low
CUST-0661,5,270.0,27.23,51,255.46,Medium
CUST-0662,18,108.0,54.77,22,1089.03,Very High
CUST-0663,1,309.0,59.58,28,79.15,Low
CUST-0664,5,136.0,81.57,47,566.69,High
CUST-0665,15,305.0,27.27,11,257.54,Medium
CUST-0666,17,148.0,36.53,13,565.06,High
CUST-0667,13,41.0,56.61,46,993.58,Very High
CUST-0668,21,277.0,41.51,12,600.56,High
CUST-0669,23,11.0,24.46,46,802.3,Very High
CUST-0670,4,282.0,48.74,30,283.69,Medium
CUST-0671,23,16.0,52.48,59,1513.03,Very High
CUST-0672,15,76.0,42.08,2,624.68,High
CUST-0673,16,220.0,44.65,56,788.74,High
CUST-0674,3,343.0,36.0,14,136.98,Low
CUST-0675,15,149.0,78.67,3,998.18,Very High
CUST-0676,18,44.0,26.97,43,562.73,High
CUST-0677,14,85.0,31.05,32,465.04,Medium
CUST-0678,3,327.0,40.65,50,135.14,Low
CUST-0679,13,265.0,60.07,7,777.79,High
CUST-0680,23,37.0,20.62,5,462.55,Medium
CUST-0681,18,141.0,22.43,34,388.49,Medium
CUST-0682,4,97.0,20.0,53,185.87,Low
CUST-0683,24,65.0,41.05,24,1053.51,Very High
CUST-0684,24,309.0,24.45,48,664.84,High
CUST-0685,5,225.0,34.02,54,295.74,Medium
CUST-0686,20,66.0,54.47,52,1377.53,Very High
CUST-0687,10,237.0,30.3,31,287.24,Medium
CUST-0688,15,151.0,44.88,42,746.24,High
CUST-0689,11,23.0,35.35,32,356.6,Medium
CUST-0690,19,164.0,54.73,40,1100.38,Very High
CUST-0691,24,68.0,50.09,34,1470.64,Very High
CUST-0692,20,90.0,29.63,31,639.83,High
CUST-0693,23,320.0,37.49,26,731.59,High
CUST-0694,23,259.0,64.7,39,1432.99,Very High
CUST-0695,3,49.0,48.28,45,191.61,Low
CUST-0696,7,310.0,21.57,55,160.16,Low
CUST-0697,18,210.0,54.33,37,940.92,Very High
CUST-0698,15,319.0,24.83,6,262.91,Medium
CUST-0699,2,272.0,76.37,35,101.18,Low
CUST-0700,3,124.0,64.13,19,319.6,Medium
CUST-0701,13,195.0,46.08,2,471.12,Medium
CUST-0702,15,194.0,43.41,5,651.5,High
CUST-0703,5,263.0,36.82,35,202.62,Low
CUST-0704,5,91.0,54.89,56,455.79,Medium
CUST-0705,4,122.0,34.23,30,159.28,Low
CUST-0706,14,90.0,44.97,27,779.65,High
CUST-0707,1,108.0,59.88,6,123.8,Low
CUST-0708,14,59.0,31.41,40,554.39,High
CUST-0709,12,14.0,30.65,4,366.79,Medium
CUST-0710,12,343.0,23.63,50,293.14,Medium
CUST-0711,17,28.0,25.05,49,688.24,High
CUST-0712,13,324.0,20.0,59,389.79,Medium
CUST-0713,18,2.0,56.17,17,1121.55,Very High
CUST-0714,19,283.0,91.29,10,1526.19,Very High
CUST-0715,23,120.0,76.81,18,1713.85,Very High
CUST-0716,20,189.0,20.0,48,450.03,Medium
CUST-0717,13,103.0,56.05,13,707.75,High
CUST-0718,12,179.0,76.7,53,1042.93,Very High
CUST-0719,6,165.0,32.93,10,117.25,Low
CUST-0720,15,193.0,42.34,3,566.28,High
CUST-0721,4,144.0,20.0,13,97.66,Low
CUST-0722,23,196.0,45.61,45,1003.91,Very High
CUST-0723,21,301.0,25.06,36,525.19,High
CUST-0724,3,159.0,44.25,21,172.85,Low
CUST-0725,19,132.0,20.03,39,569.8,High
CUST-0726,3,48.0,51.64,39,203.65,Low
CUST-0727,18,131.0,64.14,33,1090.92,Very High
CUST-0728,3,46.0,28.43,31,147.02,Low
CUST-0729,12,67.0,24.25,6,271.08,Medium
CUST-0730,16,347.0,20.0,16,192.47,Low
CUST-0731,18,33.0,35.88,32,806.57,Very High
CUST-0732,11,176.0,31.13,8,231.16,Low
CUST-0733,23,304.0,20.13,29,466.84,Medium
CUST-0734,19,347.0,49.59,7,617.97,High
CUST-0735,5,54.0,33.03,47,284.93,Medium
CUST-0736,17,60.0,24.93,7,526.96,High
CUST-0737,18,136.0,31.51,6,505.61,High
CUST-0738,9,202.0,65.5,38,538.58,High
CUST-0739,18,350.0,53.05,14,741.05,High
CUST-0740,22,76.0,38.15,21,893.59,Very High
CUST-0741,20,60.0,53.44,19,1206.75,Very High
CUST-0742,19,93.0,23.99,13,623.1,High
CUST-0743,16,319.0,41.04,45,711.63,High
CUST-0744,7,11.0,43.22,41,423.57,Medium
CUST-0745,20,139.0,32.74,15,604.62,High
CUST-0746,9,44.0,49.2,41,507.29,High
CUST-0747,13,58.0,28.47,43,380.94,Medium
CUST-0748,8,334.0,50.88,32,474.92,Medium
CUST-0749,8,1.0,51.85,35,438.91,Medium
CUST-0750,4,118.0,20.0,56,96.72,Low
CUST-0751,24,334.0,69.11,27,1379.33,Very High
CUST-0752,4,222.0,20.0,23,79.03,Low
CUST-0753,3,27.0,30.65,32,103.72,Low
CUST-0754,23,170.0,64.16,50,1676.75,Very High
CUST-0755,14,354.0,35.07,42,407.0,Medium
CUST-0756,11,146.0,20.91,5,163.08,Low
CUST-0757,18,193.0,24.73,28,419.32,Medium
CUST-0758,10,194.0,64.21,44,779.12,High
CUST-0759,4,241.0,20.0,14,80.45,Low
CUST-0760,18,69.0,67.23,59,1586.69,Very High
CUST-0761,5,306.0,39.46,48,231.39,Low
CUST-0762,14,360.0,23.65,50,322.61,Medium
CUST-0763,23,52.0,31.11,5,678.42,High
CUST-0764,23,298.0,25.59,35,606.91,High
CUST-0765,9,298.0,59.73,32,548.14,High
CUST-0766,19,270.0,56.24,37,979.4,Very High
CUST-0767,15,135.0,20.0,51,438.19,Medium
CUST-0768,12,171.0,33.73,21,398.67,Medium
CUST-0769,4,306.0,27.43,32,76.25,Low
CUST-0770,10,56.0,72.39,41,950.44,Very High
CUST-0771,16,302.0,22.03,45,378.58,Medium
CUST-0772,24,336.0,83.25,46,1868.45,Very High
CUST-0773,1,249.0,39.85,20,110.82,Low
CUST-0774,18,125.0,23.98,59,564.16,High
CUST-0775,21,204.0,29.82,1,563.81,High
CUST-0776,23,19.0,28.2,30,822.83,Very High
CUST-0777,11,340.0,22.79,36,302.76,Medium
CUST-0778,3,125.0,42.21,4,101.17,Low
CUST-0779,7,21.0,23.28,27,312.4,Medium
CUST-0780,21,290.0,20.0,36,430.52,Medium
CUST-0781,22,240.0,34.09,36,793.43,Very High
CUST-0782,16,227.0,20.0,8,274.42,Medium
CUST-0783,3,20.0,28.83,17,137.47,Low
CUST-0784,3,274.0,26.87,15,85.12,Low
CUST-0785,12,232.0,27.33,38,411.37,Medium
CUST-0786,15,289.0,99.53,20,1610.69,Very High
CUST-0787,1,302.0,41.49,34,67.87,Low
CUST-0788,17,78.0,45.17,44,959.71,Very High
CUST-0789,14,77.0,20.0,48,440.52,Medium
CUST-0790,1,337.0,30.14,11,207.45,Low
CUST-0791,3,194.0,44.56,54,268.01,Medium
CUST-0792,11,160.0,25.51,10,193.85,Low
CUST-0793,18,105.0,60.86,2,960.57,Very High
CUST-0794,20,233.0,23.54,3,273.13,Medium
CUST-0795,11,275.0,35.56,12,256.83,Medium
CUST-0796,8,1.0,31.07,52,208.42,Low
CUST-0797,24,202.0,43.55,13,973.69,Very High
CUST-0798,12,362.0,30.32,41,572.41,High
CUST-0799,8,103.0,35.81,25,243.51,Low
CUST-0800,11,103.0,36.37,3,237.81,Low
CUST-0801,1,320.0,29.06,27,151.78,Low
CUST-0802,8,23.0,50.31,2,357.9,Medium
CUST-0803,13,145.0,45.03,29,684.38,High
CUST-0804,23,167.0,38.87,33,906.78,Very High
CUST-0805,18,291.0,33.32,31,516.55,High
CUST-0806,19,47.0,57.88,17,1130.52,Very High
CUST-0807,14,158.0,36.37,46,670.7,High
CUST-0808,3,56.0,35.23,36,115.3,Low
CUST-0809,10,287.0,42.4,16,441.74,Medium
CUST-0810,24,231.0,86.79,26,1912.58,Very High
CUST-0811,2,181.0,22.13,7,65.88,Low
CUST-0812,22,144.0,57.19,55,1551.94,Very High
CUST-0813,17,56.0,20.0,45,485.86,High
CUST-0814,7,336.0,44.6,17,207.65,Low
CUST-0815,19,236.0,82.17,40,1646.57,Very High
CUST-0816,21,117.0,50.4,41,1332.17,Very High
CUST-0817,2,151.0,43.68,36,149.64,Low
CUST-0818,3,265.0,31.43,4,84.43,Low
CUST-0819,16,262.0,41.02,52,709.58,High
CUST-0820,24,168.0,36.11,57,1128.3,Very High
CUST-0821,1,111.0,28.4,58,127.92,Low
CUST-0822,16,241.0,35.5,58,720.43,High
CUST-0823,4,240.0,44.22,55,263.32,Medium
CUST-0824,16,219.0,28.64,44,451.74,Medium
CUST-0825,15,27.0,28.14,4,318.79,Medium
CUST-0826,3,173.0,21.93,28,124.5,Low
CUST-0827,17,224.0,48.22,15,710.67,High
CUST-0828,22,346.0,51.7,13,946.66,Very High
CUST-0829,21,192.0,44.89,50,1007.71,Very High
CUST-0830,1,125.0,62.45,48,112.16,Low
CUST-0831,6,203.0,42.08,31,231.14,Low
CUST-0832,6,65.0,48.25,44,341.86,Medium
CUST-0833,11,34.0,46.37,8,397.41,Medium
CUST-0834,4,247.0,38.82,14,155.62,Low
CUST-0835,21,359.0,31.85,51,675.09,High
CUST-0836,19,308.0,109.55,27,1801.6,Very High
CUST-0837,20,213.0,33.0,33,731.61,High
CUST-0838,5,15.0,29.97,28,339.29,Medium
CUST-0839,1,360.0,49.17,12,128.82,Low
CUST-0840,22,164.0,45.3,49,1110.42,Very High
CUST-0841,7,106.0,21.5,45,207.36,Low
CUST-0842,16,325.0,67.03,41,1174.86,Very High
CUST-0843,22,272.0,38.77,21,748.08,High
CUST-0844,1,273.0,24.53,38,59.46,Low
CUST-0845,1,102.0,69.06,57,153.92,Low
CUST-0846,1,362.0,53.6,39,84.77,Low
CUST-0847,4,165.0,22.9,30,168.84,Low
CUST-0848,2,194.0,89.99,16,236.29,Low
CUST-0849,20,274.0,54.41,31,1024.88,Very High
CUST-0850,15,241.0,40.26,22,547.76,High
CUST-0851,24,63.0,82.73,37,1988.75,Very High
CUST-0852,20,111.0,43.45,3,870.04,Very High
CUST-0853,24,132.0,39.94,12,889.88,Very High
CUST-0854,6,345.0,30.05,47,144.94,Low
CUST-0855,7,261.0,52.55,23,249.1,Low
CUST-0856,21,176.0,50.12,26,1179.12,Very High
CUST-0857,6,268.0,40.72,33,242.3,Low
CUST-0858,2,269.0,28.35,26,130.01,Low
CUST-0859,17,144.0,42.88,45,651.19,High
CUST-0860,20,147.0,39.2,15,715.52,High
CUST-0861,24,326.0,22.2,45,549.71,High
CUST-0862,23,205.0,20.86,13,400.32,Medium
CUST-0863,3,55.0,52.16,22,216.55,Low
CUST-0864,19,263.0,20.0,35,405.93,Medium
CUST-0865,21,215.0,44.36,53,1018.1,Very High
CUST-0866,17,186.0,32.62,14,540.99,High
CUST-0867,20,264.0,72.87,35,1371.27,Very High
CUST-0868,21,331.0,32.39,4,492.43,High
CUST-0869,11,121.0,54.42,5,494.09,High
CUST-0870,1,153.0,33.83,46,75.38,Low
CUST-0871,11,69.0,42.57,43,549.51,High
CUST-0872,5,236.0,56.35,23,406.54,Medium
CUST-0873,3,147.0,32.85,37,92.54,Low
CUST-0874,3,125.0,63.34,23,275.39,Medium
CUST-0875,17,254.0,25.86,17,439.1,Medium
CUST-0876,13,149.0,46.18,26,616.13,High
CUST-0877,13,170.0,61.26,19,801.75,Very High
CUST-0878,18,161.0,54.44,49,1094.2,Very High
CUST-0879,14,95.0,95.81,25,1582.4,Very High
CUST-0880,16,46.0,28.69,19,533.75,High
CUST-0881,3,302.0,21.74,32,88.79,Low
CUST-0882,21,34.0,25.86,45,690.56,High
CUST-0883,11,119.0,54.45,17,510.85,High
CUST-0884,4,243.0,50.61,56,159.06,Low
CUST-0885,20,48.0,42.35,28,1158.67,Very High
CUST-0886,18,239.0,24.4,39,513.93,High
CUST-0887,2,267.0,57.12,57,108.89,Low
CUST-0888,5,242.0,23.31,26,135.18,Low
CUST-0889,1,112.0,68.14,12,111.92,Low
CUST-0890,7,8.0,146.33,45,1012.55,Very High
CUST-0891,3,323.0,47.7,1,107.59,Low
CUST-0892,18,119.0,52.58,28,1008.07,Very High
CUST-0893,13,294.0,32.4,58,434.07,Medium
CUST-0894,24,73.0,20.0,25,606.2,High
CUST-0895,18,60.0,30.84,41,649.58,High
CUST-0896,15,284.0,24.73,31,352.81,Medium
CUST-0897,13,343.0,21.09,13,354.42,Medium
CUST-0898,2,314.0,87.8,19,174.27,Low
CUST-0899,2,274.0,45.73,31,130.55,Low
CUST-0900,15,90.0,47.98,7,687.23,High
CUST-0901,1,333.0,35.2,25,264.83,Medium
CUST-0902,2,244.0,37.42,25,150.27,Low
CUST-0903,6,63.0,62.43,50,400.2,Medium
CUST-0904,22,48.0,39.86,8,946.62,Very High
CUST-0905,12,318.0,51.36,50,564.44,High
CUST-0906,18,101.0,37.03,25,615.03,High
CUST-0907,10,279.0,34.68,39,328.56,Medium
CUST-0908,5,51.0,21.47,33,219.44,Low
CUST-0909,9,103.0,20.0,18,181.8,Low
CUST-0910,3,104.0,35.96,55,182.91,Low
CUST-0911,19,103.0,41.49,14,762.29,High
CUST-0912,5,246.0,22.67,3,99.45,Low
CUST-0913,10,333.0,39.82,45,391.65,Medium
CUST-0914,24,332.0,41.44,37,788.24,High
CUST-0915,15,270.0,20.0,53,405.21,Medium
CUST-0916,12,74.0,26.79,28,282.94,Medium
CUST-0917,14,350.0,48.58,1,626.61,High
CUST-0918,19,198.0,48.14,2,617.89,High
CUST-0919,7,199.0,24.07,26,108.56,Low
CUST-0920,16,256.0,43.44,15,619.78,High
CUST-0921,21,280.0,64.08,55,1513.98,Very High
CUST-0922,14,347.0,57.38,7,627.42,High
CUST-0923,11,212.0,38.75,52,534.27,High
CUST-0924,4,223.0,32.77,13,121.12,Low
CUST-0925,6,272.0,30.47,8,102.08,Low
CUST-0926,23,93.0,49.92,17,1223.81,Very High
CUST-0927,13,113.0,44.16,9,443.96,Medium
CUST-0928,8,228.0,53.69,24,485.49,High
CUST-0929,11,24.0,42.92,20,541.77,High
CUST-0930,14,117.0,58.47,32,801.58,Very High
CUST-0931,13,262.0,42.21,32,542.18,High
CUST-0932,17,356.0,57.58,1,570.78,High
CUST-0933,7,190.0,59.85,8,380.51,Medium
CUST-0934,16,146.0,28.16,10,460.01,Medium
CUST-0935,11,161.0,20.0,12,212.48,Low
CUST-0936,23,250.0,81.01,6,1556.26,Very High
CUST-0937,4,199.0,45.4,19,202.96,Low
CUST-0938,4,9.0,20.0,33,108.42,Low
CUST-0939,12,197.0,29.33,19,319.86,Medium
CUST-0940,13,146.0,57.25,20,677.33,High
CUST-0941,17,256.0,35.66,28,547.6,High
CUST-0942,10,319.0,32.12,33,283.0,Medium
CUST-0943,22,351.0,75.97,20,1439.62,Very High
CUST-0944,12,223.0,25.25,14,187.9,Low
CUST-0945,4,132.0,28.24,25,100.54,Low
CUST-0946,3,162.0,44.48,2,90.57,Low
CUST-0947,24,65.0,48.22,30,1257.93,Very High
CUST-0948,4,341.0,50.57,56,251.57,Medium
CUST-0949,23,309.0,60.95,24,1098.71,Very High
CUST-0950,7,311.0,44.23,7,142.79,Low
CUST-0951,3,120.0,50.41,42,214.24,Low
CUST-0952,8,118.0,35.99,8,197.83,Low
CUST-0953,15,312.0,41.6,12,495.7,High
CUST-0954,11,199.0,42.45,9,477.26,High
CUST-0955,19,257.0,44.56,53,948.07,Very High
CUST-0956,15,179.0,57.26,58,892.31,Very High
CUST-0957,10,162.0,51.93,34,540.45,High
CUST-0958,16,231.0,41.26,37,550.87,High
CUST-0959,24,296.0,28.1,39,803.05,Very High
CUST-0960,10,122.0,41.7,37,374.07,Medium
CUST-0961,4,295.0,39.94,33,101.75,Low
CUST-0962,10,89.0,44.12,59,526.21,High
CUST-0963,21,147.0,109.17,44,2427.59,Very High
CUST-0964,6,333.0,31.95,6,247.3,Low
CUST-0965,23,348.0,48.91,24,1123.27,Very High
CUST-0966,15,337.0,65.42,58,1031.08,Very High
CUST-0967,15,116.0,42.27,24,568.27,High
CUST-0968,8,307.0,115.82,13,946.58,Very High
CUST-0969,23,341.0,34.12,52,762.47,High
CUST-0970,1,357.0,46.8,37,83.68,Low
CUST-0971,8,8.0,28.23,34,209.87,Low
CUST-0972,11,272.0,34.53,25,359.3,Medium
CUST-0973,12,363.0,45.24,8,411.41,Medium
CUST-0974,12,279.0,59.19,23,714.92,High
CUST-0975,4,85.0,46.69,26,202.79,Low
CUST-0976,6,278.0,71.28,55,383.5,Medium
CUST-0977,3,39.0,38.76,19,181.07,Low
CUST-0978,14,175.0,34.83,9,417.31,Medium
CUST-0979,9,228.0,136.56,26,1297.38,Very High
CUST-0980,14,167.0,48.3,59,884.1,Very High
CUST-0981,15,255.0,29.26,29,280.31,Medium
CUST-0982,17,88.0,29.59,23,453.8,Medium
CUST-0983,14,221.0,26.46,40,340.89,Medium
CUST-0984,16,235.0,61.65,39,955.59,Very High
CUST-0985,15,231.0,34.33,18,410.49,Medium
CUST-0986,16,106.0,42.83,58,919.22,Very High
CUST-0987,15,112.0,39.31,35,755.43,High
CUST-0988,8,94.0,56.21,4,477.84,High
CUST-0989,6,169.0,27.63,25,154.76,Low
CUST-0990,19,214.0,24.93,55,637.44,High
CUST-0991,9,132.0,44.74,24,448.12,Medium
CUST-0992,14,150.0,53.01,34,808.53,Very High
CUST-0993,5,105.0,46.98,37,386.83,Medium
CUST-0994,11,80.0,28.1,42,382.18,Medium
CUST-0995,13,240.0,54.86,52,760.71,High
CUST-0996,16,298.0,28.94,9,305.37,Medium
CUST-0997,13,106.0,31.99,31,474.5,Medium
CUST-0998,9,314.0,26.45,32,248.83,Low
CUST-0999,24,208.0,72.64,9,1471.91,Very High
CUST-1000,13,62.0,53.79,40,973.55,Very High
CUST-1001,20,134.0,53.1,7,844.83,Very High
CUST-1002,18,3.0,70.9,27,1247.19,Very High
CUST-1003,14,15.0,143.41,20,2260.49,Very High
CUST-1004,22,123.0,20.0,10,400.89,Medium
CUST-1005,4,166.0,29.01,49,144.77,Low
CUST-1006,23,291.0,30.65,15,555.49,High
CUST-1007,21,49.0,27.58,16,582.14,High
CUST-1008,13,306.0,24.91,51,330.7,Medium
CUST-1009,18,86.0,35.34,52,697.67,High
CUST-1010,13,51.0,23.4,3,249.73,Low
CUST-1011,7,255.0,47.03,17,353.15,Medium
CUST-1012,20,282.0,41.4,42,810.52,Very High
CUST-1013,6,221.0,50.22,46,265.19,Medium
CUST-1014,8,43.0,50.83,59,643.84,High
CUST-1015,13,42.0,53.06,33,965.15,Very High
CUST-1016,21,142.0,34.19,1,641.78,High
CUST-1017,10,165.0,105.06,52,1155.97,Very High
CUST-1018,12,364.0,44.95,10,379.6,Medium
CUST-1019,1,105.0,20.0,8,62.55,Low
CUST-1020,3,71.0,25.76,40,83.01,Low
CUST-1021,2,345.0,20.0,36,86.62,Low
CUST-1022,2,57.0,40.26,4,76.24,Low
CUST-1023,21,10.0,38.29,10,920.28,Very High
CUST-1024,21,154.0,32.76,35,648.48,High
CUST-1025,20,146.0,99.97,16,2260.6,Very High
CUST-1026,2,226.0,51.78,41,143.05,Low
CUST-1027,2,320.0,56.08,25,237.82,Low
CUST-1028,7,340.0,26.6,35,120.55,Low
CUST-1029,14,106.0,25.8,29,407.27,Medium
CUST-1030,9,358.0,41.12,22,310.29,Medium
CUST-1031,12,231.0,43.72,21,433.36,Medium
CUST-1032,5,26.0,20.0,42,226.48,Low
CUST-1033,18,342.0,37.3,31,644.44,High
CUST-1034,8,51.0,40.7,36,386.87,Medium
CUST-1035,2,215.0,36.71,35,94.07,Low
CUST-1036,18,288.0,28.05,13,424.12,Medium
CUST-1037,22,91.0,31.73,54,771.66,High
CUST-1038,1,99.0,37.35,34,106.96,Low
CUST-1039,11,174.0,42.13,43,489.37,High
CUST-1040,20,323.0,53.1,53,1102.7,Very High
CUST-1041,17,82.0,65.78,55,1482.62,Very High
CUST-1042,21,242.0,35.43,40,859.88,Very High
CUST-1043,10,165.0,32.94,47,316.61,Medium
CUST-1044,9,41.0,49.25,28,507.83,High
CUST-1045,18,259.0,53.24,44,917.94,Very High
CUST-1046,4,304.0,33.27,19,96.04,Low
CUST-1047,6,210.0,57.72,42,340.19,Medium
CUST-1048,15,65.0,62.85,6,900.06,Very High
CUST-1049,17,57.0,72.33,54,1551.7,Very High
CUST-1050,3,155.0,90.04,15,328.1,Medium
CUST-1051,13,185.0,27.39,39,362.16,Medium
CUST-1052,9,201.0,40.7,1,259.43,Medium
CUST-1053,13,89.0,40.65,10,408.39,Medium
CUST-1054,24,183.0,38.7,59,1148.18,Very High
CUST-1055,2,108.0,30.2,50,143.14,Low
CUST-1056,24,250.0,20.73,14,436.05,Medium
CUST-1057,11,290.0,42.17,8,534.92,High
CUST-1058,19,238.0,28.62,49,692.0,High
CUST-1059,11,1.0,42.04,59,642.31,High
CUST-1060,8,362.0,28.29,10,153.68,Low
CUST-1061,19,9.0,24.66,40,676.64,High
CUST-1062,17,364.0,44.94,17,565.18,High
CUST-1063,4,12.0,43.29,44,295.77,Medium
CUST-1064,17,188.0,52.49,25,913.92,Very High
CUST-1065,19,39.0,108.16,8,2170.54,Very High
CUST-1066,10,35.0,45.82,20,477.63,High
CUST-1067,23,249.0,50.31,32,1171.18,Very High
CUST-1068,16,265.0,24.91,48,430.02,Medium
CUST-1069,9,44.0,22.67,2,193.7,Low
CUST-1070,1,356.0,82.46,57,151.34,Low
CUST-1071,17,117.0,26.69,39,596.44,High
CUST-1072,6,116.0,25.29,52,194.67,Low
CUST-1073,19,109.0,39.74,55,905.52,Very High
CUST-1074,13,168.0,38.84,10,463.17,Medium
CUST-1075,12,65.0,26.95,6,305.69,Medium
CUST-1076,4,155.0,35.26,46,101.47,Low
CUST-1077,18,77.0,70.33,12,1118.48,Very High
CUST-1078,4,19.0,28.14,9,85.9,Low
CUST-1079,11,135.0,21.6,28,197.81,Low
CUST-1080,21,245.0,61.82,54,1418.51,Very High
CUST-1081,23,278.0,50.48,47,1203.33,Very High
CUST-1082,24,129.0,30.59,31,747.66,High
CUST-1083,23,118.0,20.0,12,465.98,Medium
CUST-1084,14,287.0,28.93,20,249.6,Low
CUST-1085,5,248.0,39.46,41,196.6,Low
CUST-1086,21,303.0,68.34,10,1186.87,Very High
CUST-1087,20,330.0,25.37,31,520.98,High
CUST-1088,24,299.0,38.94,1,644.86,High
CUST-1089,16,341.0,54.81,20,747.8,High
CUST-1090,4,152.0,20.0,15,221.55,Low
CUST-1091,13,144.0,64.41,41,943.28,Very High
CUST-1092,11,118.0,23.76,54,280.56,Medium
CUST-1093,21,86.0,46.96,9,935.21,Very High
CUST-1094,10,273.0,45.2,48,486.52,High
CUST-1095,8,261.0,65.9,39,534.82,High
CUST-1096,2,292.0,51.83,58,131.64,Low
CUST-1097,21,61.0,20.0,54,480.06,High
CUST-1098,19,179.0,28.41,6,547.53,High
CUST-1099,1,81.0,43.04,44,77.7,Low
CUST-1100,11,326.0,37.05,35,356.03,Medium
CUST-1101,12,98.0,50.15,7,536.07,High
CUST-1102,12,53.0,57.7,16,697.41,High
CUST-1103,23,208.0,53.19,55,1314.59,Very High
CUST-1104,4,320.0,36.73,33,169.46,Low
CUST-1105,8,334.0,20.0,20,124.57,Low
CUST-1106,5,35.0,32.95,19,234.45,Low
CUST-1107,6,119.0,48.78,50,298.79,Medium
CUST-1108,22,56.0,24.76,17,627.05,High
CUST-1109,23,113.0,53.74,10,1003.87,Very High
CUST-1110,2,195.0,60.87,34,198.55,Low
CUST-1111,16,103.0,42.82,59,944.2,Very High
CUST-1112,6,25.0,20.0,11,208.59,Low
CUST-1113,5,186.0,22.76,16,147.21,Low
CUST-1114,8,20.0,94.52,28,919.57,Very High
CUST-1115,5,83.0,31.63,12,252.16,Medium
CUST-1116,12,1.0,20.0,39,354.83,Medium
CUST-1117,24,32.0,70.52,15,1511.02,Very High
CUST-1118,15,159.0,40.69,8,571.77,High
CUST-1119,18,310.0,66.5,16,1043.43,Very High
CUST-1120,12,282.0,45.82,55,511.1,High
CUST-1121,1,36.0,49.72,56,220.26,Low
CUST-1122,3,13.0,47.62,30,180.57,Low
CUST-1123,7,124.0,55.36,24,230.55,Low
CUST-1124,6,238.0,112.71,49,680.37,High
CUST-1125,21,272.0,62.61,12,1113.98,Very High
CUST-1126,21,300.0,20.0,39,453.61,Medium
CUST-1127,21,125.0,49.45,41,1330.41,Very High
CUST-1128,16,62.0,67.6,42,1252.88,Very High
CUST-1129,14,10.0,69.49,13,1026.96,Very High
CUST-1130,16,54.0,33.38,43,465.16,Medium
CUST-1131,10,24.0,68.32,37,831.05,Very High
CUST-1132,17,314.0,61.4,52,1076.4,Very High
CUST-1133,20,98.0,128.72,11,2342.47,Very High
CUST-1134,19,300.0,28.86,37,590.19,High
CUST-1135,15,202.0,32.19,49,590.66,High
CUST-1136,2,197.0,35.24,17,157.75,Low
CUST-1137,18,166.0,32.44,44,681.9,High
CUST-1138,9,299.0,27.1,6,255.65,Medium
CUST-1139,18,16.0,20.0,43,508.22,High
CUST-1140,13,34.0,33.26,36,443.75,Medium
CUST-1141,22,155.0,47.76,12,828.13,Very High
CUST-1142,9,144.0,32.4,4,205.08,Low
CUST-1143,23,199.0,96.63,44,2521.15,Very High
CUST-1144,21,269.0,40.69,15,867.92,Very High
CUST-1145,8,214.0,72.31,30,576.95,High
CUST-1146,12,94.0,45.5,4,446.84,Medium
CUST-1147,13,120.0,58.67,57,834.76,Very High
CUST-1148,19,274.0,45.86,33,891.82,Very High
CUST-1149,17,74.0,74.88,55,1517.64,Very High
CUST-1150,21,184.0,41.48,10,824.91,Very High
CUST-1151,9,197.0,50.56,13,475.17,Medium
CUST-1152,13,274.0,47.7,37,663.55,High
CUST-1153,11,261.0,35.53,36,364.54,Medium
CUST-1154,22,170.0,48.53,47,1279.22,Very High
CUST-1155,8,113.0,110.55,55,1088.51,Very High
CUST-1156,15,134.0,35.81,49,605.79,High
CUST-1157,3,150.0,48.85,9,277.79,Medium
CUST-1158,21,80.0,71.24,19,1489.12,Very High
CUST-1159,10,228.0,67.57,54,829.77,Very High
CUST-1160,9,76.0,40.66,33,241.32,Low
CUST-1161,14,237.0,20.0,52,419.95,Medium
CUST-1162,12,274.0,51.04,34,682.93,High
CUST-1163,21,351.0,20.0,3,291.87,Medium
CUST-1164,13,44.0,78.37,28,1075.16,Very High
CUST-1165,13,277.0,43.65,49,616.66,High
CUST-1166,3,32.0,63.42,39,203.17,Low
CUST-1167,1,123.0,26.95,8,75.19,Low
CUST-1168,10,65.0,20.11,13,159.19,Low
CUST-1169,24,60.0,45.48,51,1364.52,Very High
CUST-1170,23,64.0,39.84,58,1317.51,Very High
CUST-1171,16,176.0,32.42,45,679.42,High
CUST-1172,16,300.0,42.02,6,472.91,Medium
CUST-1173,10,23.0,140.52,37,1519.64,Very High
CUST-1174,5,146.0,58.88,49,330.53,Medium
CUST-1175,1,255.0,64.86,38,131.45,Low
CUST-1176,9,361.0,59.13,36,403.36,Medium
CUST-1177,8,311.0,78.71,28,636.2,High
CUST-1178,5,50.0,37.13,15,263.9,Medium
CUST-1179,7,360.0,20.0,17,166.05,Low
CUST-1180,1,238.0,37.16,44,126.06,Low
CUST-1181,15,66.0,58.28,5,780.68,High
CUST-1182,23,164.0,26.14,5,532.78,High
CUST-1183,17,335.0,37.36,24,469.98,Medium
CUST-1184,11,144.0,29.63,46,455.02,Medium
CUST-1185,11,67.0,79.51,39,972.37,Very High
CUST-1186,8,319.0,56.67,35,454.4,Medium
CUST-1187,4,347.0,54.23,32,292.52,Medium
CUST-1188,15,356.0,53.5,7,529.98,High
CUST-1189,14,348.0,39.77,20,413.05,Medium
CUST-1190,1,318.0,44.21,5,159.55,Low
CUST-1191,10,166.0,23.73,45,272.99,Medium
CUST-1192,7,70.0,20.0,45,228.91,Low
CUST-1193,5,225.0,43.27,16,220.8,Low
CUST-1194,17,81.0,46.8,18,933.01,Very High
CUST-1195,13,173.0,69.7,19,1116.86,Very High
CUST-1196,16,239.0,82.03,53,1484.78,Very High
CUST-1197,18,345.0,81.98,29,1291.91,Very High
CUST-1198,24,106.0,25.81,45,849.42,Very High
CUST-1199,20,92.0,34.52,27,642.29,High
CUST-1200,15,268.0,50.21,42,783.85,High
