Month,Sales,Profit,Profit_Margin_%
2024-01,88903.81,9923.41,11.16
2024-02,80766.07,10384.93,12.86
2024-03,102375.89,12477.42,12.19
2024-04,117647.36,15118.35,12.85
2024-05,79051.69,9810.36,12.41
2024-06,71959.64,8435.24,11.72
2024-07,88300.02,9877.65,11.19
2024-08,96316.33,11334.56,11.77
2024-09,73328.68,9047.49,12.34
2024-10,72057.79,7378.27,10.24
2024-11,81888.33,8831.42,10.78
2024-12,87621.92,10252.9,11.7
2025-01,122554.52,15301.77,12.49
2025-02,63685.0,8501.44,13.35
2025-03,70930.77,8599.17,12.12
2025-04,77224.34,8788.05,11.38
2025-05,81099.92,10175.38,12.55
2025-06,90028.42,10882.34,12.09
2025-07,87570.97,11215.31,12.81
2025-08,93930.33,10654.5,11.34
2025-09,79667.5,9744.57,12.23
2025-10,90759.7,10477.99,11.54
2025-11,75420.87,10387.31,13.77
2025-12,90939.04,9134.22,10.04
