Category,Sub_Category,Sales,Profit,Avg_Inventory_Days,Profit_Margin_%,Risk_Score,Risk_Label
Furniture,Bookcases,206709.77,5899.27,71.0,2.85,2,High
Furniture,Tables,216024.98,8445.02,70.4,3.91,2,High
Furniture,Furnishings,220161.9,25617.46,59.1,11.64,2,High
Furniture,Chairs,218171.81,23705.42,58.6,10.87,2,High
Technology,Accessories,200053.64,29581.61,45.4,14.79,2,High
Technology,Machines,295323.81,43174.53,44.9,14.62,2,High
Technology,Phones,272867.71,40902.66,45.4,14.99,1,Medium
Technology,Copiers,196522.24,27470.62,43.9,13.98,1,Medium
Office Supplies,Labels,48302.75,8594.21,32.7,17.79,0,Low
Office Supplies,Storage,47514.04,8225.77,32.7,17.31,0,Low
Office Supplies,Art,45463.36,8076.7,32.6,17.77,0,Low
Office Supplies,Paper,53411.5,9616.91,32.6,18.01,0,Low
Office Supplies,Binders,43501.4,7423.87,31.9,17.07,0,Low
